5 digit NTD ID,4 digit NTD ID,Agency,HQ City,HQ State,UZA,UZA Name,UZA Area SQ Miles,UZA Population,Service Area SQ Miles,Service Area Population
1,1,King County Department of Transportation - Metro Transit Division,Seattle,WA,14,"Seattle, WA","1,010","3,059,393","2,134","2,117,125"
2,2,Spokane Transit Authority,Spokane,WA,96,"Spokane, WA",164,"387,847",248,"409,271"
3,3,Pierce County Transportation Benefit Area Authority,Tacoma,WA,14,"Seattle, WA","1,010","3,059,393",292,"547,975"
5,5,Everett Transit,Everett,WA,14,"Seattle, WA","1,010","3,059,393",34,"106,736"
6,6,Yakima Transit,Yakima,WA,248,"Yakima, WA",60,"129,534",33,"100,715"
7,7,Lane Transit District,Eugene,OR,151,"Eugene, OR",87,"247,421",482,"302,200"
8,8,Tri-County Metropolitan Transportation District of Oregon,Portland,OR,24,"Portland, OR-WA",524,"1,849,898",534,"1,560,803"
11,11,Valley Regional Transit,Meridian,ID,108,"Boise City, ID",134,"349,684",66,"338,759"
12,12,Municipality of Anchorage - Public Transportation Department,Anchorage,AK,149,"Anchorage, AK",85,"251,243",77,"299,037"
16,16,RiverCities Transit,Longview,WA,431,"Longview, WA-OR",33,"63,952",23,"49,200"
18,18,Ben Franklin Transit,Richland,WA,171,"Kennewick-Pasco, WA",102,"210,975",616,"251,151"
19,19,Intercity Transit,Olympia,WA,195,"Olympia-Lacey, WA",106,"176,617",101,"178,328"
20,20,Kitsap Transit,Bremerton,WA,180,"Bremerton, WA",136,"198,979",396,"254,183"
21,21,Whatcom Transportation Authority,Bellingham,WA,275,"Bellingham, WA",48,"114,473",776,"212,357"
22,22,City of Pocatello,Pocatello,ID,395,"Pocatello, ID",31,"69,809",27,"81,730"
23,23,City of Seattle - Seattle Center Monorail Transit,Seattle,WA,14,"Seattle, WA","1,010","3,059,393",83,"495,500"
24,24,Clark County Public Transportation Benefit Area Authority,Vancouver,WA,24,"Portland, OR-WA",524,"1,849,898",142,"390,611"
25,25,Salem Area Mass Transit District,Salem,OR,156,"Salem, OR",76,"236,632",76,"236,632"
28,28,Pierce County Ferry Operations,Tacoma,WA,14,"Seattle, WA","1,010","3,059,393",233,"844,490"
29,29,Snohomish County Public Transportation Benefit Area Corporation,Everett,WA,14,"Seattle, WA","1,010","3,059,393",261,"737,745"
33,0R03-021,Senior Services of Snohomish County,Seattle,WA,14,"Seattle, WA",,,,
34,34,Rogue Valley Transportation District,Medford,OR,213,"Medford, OR",65,"154,081",50,"132,022"
35,35,Washington State Ferries,Seattle,WA,14,"Seattle, WA","1,010","3,059,393","1,945","3,919,300"
40,40,Central Puget Sound Regional Transit Authority,Seattle,WA,14,"Seattle, WA","1,010","3,059,393","1,087","2,988,000"
41,41,Alaska Railroad Corporation,Anchorage,AK,149,"Anchorage, AK",85,"251,243",266,"352,701"
42,42,Targhee Regional Public Transit Authority,Idaho Falls,ID,321,"Idaho Falls, ID",45,"90,733",552,"127,290"
43,43,Link Transit,Wenatchee,WA,412,"Wenatchee, WA",31,"67,227",197,"108,660"
44,44,Skagit Transit,Burlington,WA,435,"Mount Vernon, WA",34,"62,966",760,"109,198"
45,45,Fairbanks North Star Borough Transit,Fairbanks,AK,425,"Fairbanks, AK",55,"64,513","7,444","97,581"
46,46,South Metro Area Regional Transit,Wilsonville,OR,24,"Portland, OR-WA",524,"1,849,898",80,"22,729"
47,47,City of Corvallis,Corvallis,OR,436,"Corvallis, OR",21,"62,433",14,"59,046"
49,49,"vRide, Inc. - Anchorage",Anchorage,AK,149,"Anchorage, AK",85,"251,243",77,"218,145"
50,50,"City of Bend, Bend Area Transit",Bend,OR,344,"Bend, OR",40,"83,794",32,"82,280"
52,52,Metro,Portland,OR,24,"Portland, OR-WA",524,"1,849,898","6,817","2,241,913"
53,53,Coeur d'Alene Tribe dba Citylink Transit,Coeur d'Alene,ID,304,"Coeur d'Alene, ID",,,,
54,54,King County Ferry District,Seattle,WA,14,"Seattle, WA","1,010","3,059,393","2,116","1,931,249"
57,57,Central Oregon Intergovernmental Council,Bend,OR,344,"Bend, OR",40,"83,794",75,"127,940"
58,58,City of Portland,Portland,OR,24,"Portland, OR-WA",524,"1,849,898",11,"72,832"
376,0R02-022,"Ride Connection, Inc.",Portland,OR,24,"Portland, OR-WA",524,"1,849,898","1,192","1,364,620"
415,,Ada County Highway District Commuteride,Boise,ID,108,"Boise City, ID",134,"349,684","15,134","814,966"
10001,1001,Rhode Island Public Transit Authority,Providence,RI,39,"Providence, RI-MA",545,"1,190,956","1,436","1,048,319"
10002,1002,Manchester Transit Authority,Manchester,NH,209,"Manchester, NH",86,"158,377",63,"135,366"
10003,1003,Massachusetts Bay Transportation Authority,Boston,MA,10,"Boston, MA-NH-RI","1,873","4,181,019","3,244","3,109,308"
10004,1004,Brockton Area Transit Authority,Brockton,MA,10,"Boston, MA-NH-RI","1,873","4,181,019",86,"254,648"
10005,1005,Lowell Regional Transit Authority,Lowell,MA,10,"Boston, MA-NH-RI","1,873","4,181,019",282,"338,186"
10006,1006,Southeastern Regional Transit Authority,New Bedford,MA,219,"New Bedford, MA",55,"149,443",47,"186,731"
10007,1007,Berkshire Regional Transit Authority,Pittsfield,MA,448,"Pittsfield, MA",34,"59,124",384,"127,500"
10008,1008,Pioneer Valley Transit Authority,Springfield,MA,65,"Springfield, MA-CT",349,"621,300",302,"551,543"
10013,1013,Merrimack Valley Regional Transit Authority,Haverhill,MA,10,"Boston, MA-NH-RI","1,873","4,181,019",225,"306,339"
10014,1014,Worcester Regional Transit Authority,Worcester,MA,81,"Worcester, MA-CT",304,"486,514",866,"479,329"
10015,1015,Lewiston-Auburn Transit Committee,Auburn,ME,446,"Lewiston, ME",35,"59,397",19,"46,052"
10016,1016,Greater Portland Transit District,Portland,ME,177,"Portland, ME",136,"203,914",58,"100,001"
10017,1017,Greater Hartford Transit District,Hartford,CT,47,"Hartford, CT",516,"924,859",620,"1,248,287"
10040,1040,Southeast Area Transit,Preston,CT,174,"Norwich-New London, CT-RI",152,"209,190",305,"158,629"
10042,1042,Valley Transit District,Derby,CT,48,"Bridgeport-Stamford, CT-NY",466,"923,311",58,"88,364"
10045,1045,Connecticut Department of Transportation - CTTransit New Britain -Dattco.,New Britain,CT,47,"Hartford, CT",516,"924,859",13,"73,941"
10047,1047,"New Britain Transportation Company, Inc.",Berlin,CT,46,"Hartford, CT",469,"851,535",81,"203,562"
10048,1048,Connecticut Department of Transportation - CTTRANSIT - Hartford Division,Hartford,CT,47,"Hartford, CT",516,"924,859",664,"851,535"
10049,1049,The Greater New Haven Transit District,Hamden,CT,72,"New Haven, CT",306,"562,839",197,"451,486"
10050,1050,Greater Bridgeport Transit Authority,Bridgeport,CT,48,"Bridgeport-Stamford, CT-NY",466,"923,311",104,"349,751"
10051,1051,Housatonic Area Regional Transit,Danbury,CT,201,"Danbury, CT-NY",132,"168,136",124,"154,855"
10052,1052,"New Britain Transportation Company, Inc.",Berlin,CT,46,"Hartford, CT",469,"851,535",27,"60,062"
10053,1053,Cape Ann Transportation Authority,Gloucester,MA,10,"Boston, MA-NH-RI","1,873","4,181,019",80,"54,099"
10055,1055,Connecticut Department of Transportation - CTTRANSIT New Haven Division,Hartford,CT,72,"New Haven, CT",306,"562,839",456,"531,314"
10056,1056,Connecticut Department of Transportation - CTTRANSIT Stamford Division,Hartford,CT,48,"Bridgeport-Stamford, CT-NY",466,"923,311",133,"281,327"
10057,1057,Norwalk Transit District,Norwalk,CT,48,"Bridgeport-Stamford, CT-NY",466,"923,311",45,"108,700"
10061,1061,Montachusett Regional Transit Authority,Fitchburg,MA,269,"Leominster-Fitchburg, MA",65,"116,960",624,"228,778"
10063,1063,Middletown Transit District,Middletown,CT,47,"Hartford, CT",516,"924,859",193,"90,320"
10064,1064,Greater Attleboro-Taunton Regional Transit Authority,Taunton,MA,39,"Providence, RI-MA",545,"1,190,956",835,"572,140"
10066,1066,Chittenden County Transportation Authority,Burlington,VT,285,"Burlington, VT",62,"108,740",61,"93,656"
10069,1069,"Regional Transportation Program, Inc.",Portland,ME,177,"Portland, ME",136,"203,914",53,"265,612"
10086,1086,Cooperative Alliance for Seacoast Transportation,Dover,NH,331,"Dover-Rochester, NH-ME",66,"88,087",368,"166,975"
10087,1087,Nashua Transit System,Nashua,NH,160,"Nashua, NH-MA",182,"226,400",32,"86,933"
10088,1088,Casco Bay Island Transit District,Portland,ME,177,"Portland, ME",136,"203,914",111,"66,765"
10089,1089,Transit Express,Springfield,MA,57,"Springfield, MA-CT",302,"532,747",302,"551,543"
10095,1095,"Northeast Transportation Company, Inc.",Waterbury,CT,162,"Waterbury, CT",98,"189,026",58,"189,026"
10096,1096,City of Bangor - BAT Community Connector,Bangor,ME,441,"Bangor, ME",43,"61,210",29,"55,500"
10098,1098,"Western Maine Transportation Services, Inc.",Auburn,ME,446,"Lewiston, ME",35,"59,397","4,247","188,015"
10102,1102,Connecticut Department of Transportation,Newington,CT,47,"Hartford, CT",516,"924,859",171,"448,608"
10105,1105,Cape Cod Regional Transit Authority,Hyannis,MA,152,"Barnstable Town, MA",277,"246,695",394,"221,049"
10107,1107,Milford Transit District,Milford,CT,48,"Bridgeport-Stamford, CT-NY",466,"923,311",24,"52,759"
10108,1108,Greater Hartford Ridesharing Corporation - The Rideshare Company,Bloomfield,CT,47,"Hartford, CT",516,"924,859","4,909","3,708,000"
10110,1110,"2Plus Partners in Transportation, Inc",Rocky Hill,CT,41,"Bridgeport-Stamford, CT-NY",465,"888,890",465,"888,890"
10115,1115,Northern New England Passenger Rail Authority,Portland,ME,177,"Portland, ME",136,"203,914","3,706","1,431,087"
10116,1116,Bonanza,Providence,RI,35,"Providence, RI-MA",504,"1,174,548","2,239","5,207,032"
10117,1117,Plymouth & Brockton Street Railway Company,Plymouth,MA,10,"Boston, MA-NH-RI","1,873","4,181,019","1,057","718,439"
10118,1118,MetroWest Regional Transit Authority,Framingham,MA,10,"Boston, MA-NH-RI","1,873","4,181,019",267,"322,241"
10119,1119,University Of New Hampshire - University Transportation Services,Durham,NH,331,"Dover-Rochester, NH-ME",66,"88,087",68,"111,590"
10122,1122,"Jalbert Leasing, Inc. dba C&J",Portsmouth,NH,329,"Portsmouth, NH-ME",93,"88,200","2,449","536,001"
10126,1126,Worcester Regional Transit Authority COA,Worcester,MA,81,"Worcester, MA-CT",304,"486,514",231,"169,643"
10128,1128,Connecticut Department of Transportation- CTTransit Waterbury- NET,Waterbury,CT,185,"Waterbury, CT",90,"194,535",116,"238,853"
10129,1129,Massachusetts Department of Transportation,Boston,MA,10,"Boston, MA-NH-RI","1,873","4,181,019","7,800","4,181,019"
10130,1130,Connecticut Department of Transportation -CTTRANSIT New Britain,Berlin,CT,47,"Hartford, CT",516,"924,859",81,"203,562"
10183,,"Woods Hole, Martha's Vineyard and Nantucket Steamship Authority",Woods Hole,MA,152,"Barnstable Town, MA",277,"246,695","2,100","242,595"
11147,,Rhode Island Department of Transportation,Providence,RI,39,"Providence, RI-MA",545,"1,190,956",10,"78,813"
11154,1135,"Flight Line, Inc.",Salem,NH,209,"Manchester, NH",86,"158,377",517,"290,127"
20002,2002,Capital District Transportation Authority,Albany,NY,67,"Albany-Schenectady, NY",296,"594,962",207,"511,949"
20003,2003,Broome County Department of Public Transportation,Vestal,NY,210,"Binghamton, NY-PA",74,"158,084",712,"200,600"
20004,2004,Niagara Frontier Transportation Authority,Buffalo,NY,46,"Buffalo, NY",380,"935,906",407,"981,771"
20005,2005,C-TRAN,Elmira,NY,407,"Elmira, NY",38,"67,983",408,"95,195"
20006,2006,City of Long Beach,Long Beach,NY,1,"New York-Newark, NY-NJ-CT","3,450","18,351,295",13,"33,275"
20007,2007,"Metropolitan Suburban Bus Authority, dba: MTA Long Island Bus",Garden City,NY,1,"New York-Newark, NY-NJ-CT","3,450","18,351,295",285,"1,344,436"
20008,2008,MTA New York City Transit,New York,NY,1,"New York-Newark, NY-NJ-CT","3,450","18,351,295",321,"8,550,405"
20009,2009,City of Poughkeepsie,Poughkeepsie,NY,89,"Poughkeepsie-Newburgh, NY-NJ",327,"423,566",5,"28,844"
20010,2010,Dutchess County Division of Mass Transportation,Poughkeepsie,NY,89,"Poughkeepsie-Newburgh, NY-NJ",327,"423,566",175,"351,997"
20018,2018,"CNY Centro, Inc.",Syracuse,NY,90,"Syracuse, NY",195,"412,317",510,"641,357"
20021,2021,Utica Transit Authority,Utica,NY,233,"Utica, NY",55,"113,409",46,"113,409"
20040,2040,"New York Bus Tours, Inc., dba: New York Bus Service",Bronx,NY,1,"New York-Newark, NY-NJ-CT","3,353","17,799,861",322,"8,008,278"
20071,2071,Huntington Area Rapid Transit,Huntington Station,NY,1,"New York-Newark, NY-NJ-CT","3,450","18,351,295",93,"204,240"
20072,2072,Suffolk County Department of Public Works - Transportation Division,Yaphank,NY,1,"New York-Newark, NY-NJ-CT","3,450","18,351,295",912,"1,501,587"
20075,2075,Port Authority Transit Corporation,Lindenwold,NJ,5,"Philadelphia, PA-NJ-DE-MD","1,981","5,441,567",16,"159,726"
20076,2076,Westchester County Bee-Line System,Mount Vernon,NY,1,"New York-Newark, NY-NJ-CT","3,450","18,351,295",450,"949,113"
20078,2078,"Metro-North Commuter Railroad Company, dba: MTA Metro-North Railroad",New York,NY,1,"New York-Newark, NY-NJ-CT","3,450","18,351,295",527,"6,503,894"
20079,2079,"Liberty Lines Transit, Inc.",Yonkers,NY,1,"New York-Newark, NY-NJ-CT","3,353","17,799,861",434,"940,302"
20080,2080,New Jersey Transit Corporation,Newark,NJ,1,"New York-Newark, NY-NJ-CT","3,450","18,351,295","5,325","10,594,013"
20082,2082,New York City Department of Transportation,New York,NY,1,"New York-Newark, NY-NJ-CT","3,450","18,351,295",372,"8,537,673"
20084,2084,Transport of Rockland,Pomona,NY,1,"New York-Newark, NY-NJ-CT","3,450","18,351,295",176,"326,780"
20085,2085,Clarkstown Mini-Trans,Nanuet,NY,1,"New York-Newark, NY-NJ-CT","3,450","18,351,295",179,"300,173"
20086,2086,Transportation Resources Intra-County for Physically Handicapped and Senior Citizens,New York,CT,1,"New York-Newark, NY-NJ-CT",,,,
20089,2089,Village of Spring Valley Bus,Spring Valley,NY,1,"New York-Newark, NY-NJ-CT","3,450","18,351,295",2,"32,603"
20096,2096,Putnam County Transit,Carmel,NY,1,"New York-Newark, NY-NJ-CT","3,450","18,351,295",120,"70,291"
20098,2098,Port Authority Trans-Hudson Corporation,Jersey City,NJ,1,"New York-Newark, NY-NJ-CT","3,450","18,351,295",226,"3,116,788"
20099,2099,"Staten Island Rapid Transit Operating Authority, dba: MTA Staten Island Railway",Staten Island,NY,1,"New York-Newark, NY-NJ-CT","3,450","18,351,295",59,"476,015"
20100,2100,MTA Long Island Rail Road,Jamaica,NY,1,"New York-Newark, NY-NJ-CT","3,450","18,351,295","2,967","11,391,756"
20113,2113,"Regional Transit Service, Inc. and Lift Line, Inc.",Rochester,NY,60,"Rochester, NY",324,"720,572",293,"694,394"
20116,2116,"Centro of Cayuga, Inc.",Syracuse,NY,90,"Syracuse, NY",195,"412,317",74,"57,608"
20117,2117,"Liberty Lines Express, Inc.",Yonkers,NY,1,"New York-Newark, NY-NJ-CT","3,353","17,799,861",42,"1,332,650"
20120,2120,Greater Glens Falls Transit System,Queensbury,NY,419,"Glens Falls, NY",42,"65,443",57,"61,090"
20122,2122,"Academy Lines, Inc.",Hoboken,NJ,1,"New York-Newark, NY-NJ-CT","3,450","18,351,295",468,"1,455,245"
20126,2126,"Hudson Transit Lines, Inc.",Mahwah,NJ,1,"New York-Newark, NY-NJ-CT","3,450","18,351,295",90,"187,257"
20128,2128,Suburban Transit Corporation,New Brunswick,NJ,1,"New York-Newark, NY-NJ-CT","3,450","18,351,295",202,"514,162"
20132,2132,New Jersey Transit Corporation-45,Newark,NJ,1,"New York-Newark, NY-NJ-CT","3,450","18,351,295","2,898","5,443,000"
20135,2135,Monsey New Square Trails Corporation,Spring Valley,NY,1,"New York-Newark, NY-NJ-CT","3,450","18,351,295",176,"286,573"
20136,2136,Queens Surface Corporation,Flushing,NY,1,"New York-Newark, NY-NJ-CT","3,353","17,799,861",112,"1,952,000"
20137,2137,Monroe Bus Corporation,Brooklyn,NY,89,"Poughkeepsie-Newburgh, NY-NJ",327,"423,566",265,"351,982"
20145,2145,Tompkins Consolidated Area Transit,Ithaca,NY,473,"Ithaca, NY",25,"53,661",476,"103,617"
20147,2147,GTJC,Lynbrook,NY,1,"New York-Newark, NY-NJ-CT","3,353","17,799,861",322,"8,008,278"
20148,2148,Newburgh Beacon Bus Corporation,New Windsor,NY,89,"Poughkeepsie-Newburgh, NY-NJ",327,"423,566",132,"249,175"
20149,2149,"Rockland Coaches, Inc.",Westwood,NJ,1,"New York-Newark, NY-NJ-CT","3,450","18,351,295","2,898","1,246,231"
20154,2154,New York Waterway,Weehawken,NJ,1,"New York-Newark, NY-NJ-CT","3,353","17,799,861",0,0
20155,2155,Cumberland County Office on Aging,Bridgeton,NJ,290,"Vineland, NJ",62,"88,724",489,"146,438"
20158,2158,Tioga County,Owego,NY,210,"Binghamton, NY-PA",74,"158,084",65,"52,337"
20159,2159,"Atlantic Paratrans of NYC, Inc.",New York,CT,1,"New York-Newark, NY-NJ-CT",,,,
20160,2160,"Community Transit, Inc.",Paramus,NJ,1,"New York-Newark, NY-NJ-CT","3,450","18,351,295",89,"324,278"
20161,2161,DeCamp Bus Lines,Montclair,NJ,1,"New York-Newark, NY-NJ-CT","3,450","18,351,295",74,"892,714"
20162,2162,Lafeyette-Greenville IBOA,Jersey City,NJ,1,"New York-Newark, NY-NJ-CT","3,353","17,799,861","2,898","5,443,000"
20163,2163,"Lakeland Bus Lines, Inc.",Dover,NJ,1,"New York-Newark, NY-NJ-CT","3,450","18,351,295",250,"527,906"
20164,2164,Leisure Line,Paramus,NJ,1,"New York-Newark, NY-NJ-CT","3,353","17,799,861","2,898","5,443,000"
20165,2165,"Olympia Trails Bus Company, Inc.",Elizabeth,NJ,1,"New York-Newark, NY-NJ-CT","3,450","18,351,295",27,"16,953"
20166,2166,"Orange-Newark-Elizabeth, Inc.",Elizabeth,NJ,1,"New York-Newark, NY-NJ-CT","3,450","18,351,295",42,"573,383"
20167,2167,"South Orange Avenue IBOA, c/o: NJ Transit, Carrier Admin.",Newark,NJ,1,"New York-Newark, NY-NJ-CT","3,353","17,799,861","2,898","5,443"
20168,2168,Trans-Hudson Express,Elizabeth,NJ,1,"New York-Newark, NY-NJ-CT","3,450","18,351,295","2,898","5,443,000"
20169,2169,"Trans-Bridge Lines, Inc.",Bethlehem,PA,1,"New York-Newark, NY-NJ-CT","3,450","18,351,295",353,"194,009"
20170,2170,"Vanpool of New Jersey, Inc.",Newark,NJ,1,"New York City, Newark, NY-NJ","2,967","16,044,012","2,898","5,443"
20171,2171,"Private One of New York, LLC, dba: New York Airport Service",Brooklyn,NY,1,"New York-Newark, NY-NJ-CT","3,450","18,351,295","2,898","5,443,000"
20172,2172,"Centro of Oswego, Inc.",Syracuse,NY,90,"Syracuse, NY",195,"412,317",92,"89,591"
20175,2175,Private Transportation Corporation,Brooklyn,NY,1,"New York-Newark, NY-NJ-CT","3,450","18,351,295",71,"2,465,326"
20177,2177,"Adirondack Transit Lines, Inc,",Hurley,NY,1,"New York-Newark, NY-NJ-CT","3,450","18,351,295","10,702","9,428,015"
20178,2178,Ulster County Area Transit,Kingston,NY,89,"Poughkeepsie-Newburgh, NY-NJ",327,"423,566","1,124","181,670"
20179,2179,"Hendrick Hudson Bus Lines, Inc.",Newburgh,NY,89,"Poughkeepsie-Newburgh, NY-NJ",327,"423,566",132,"249,175"
20180,2180,Atlantic Express,Staten Island,NY,1,"New York-Newark, NY-NJ-CT","3,353","17,799,861",840,"459,737"
20182,2182,Town of Highlands Dial-A-Bus,Highland Falls,NY,89,"Poughkeepsie-Newburgh, NY-NJ",327,"423,566",36,"7,000"
20183,2183,Town of Monroe Dial-A-Bus,Monroe,NY,89,"Poughkeepsie-Newburgh, NY-NJ",327,"423,566",24,"39,912"
20185,2185,"Centro of Oneida, Inc.",Syracuse,NY,268,"Utica, NY",62,"117,328",73,"154,159"
20187,2187,Village of Kiryas Joel,Monroe,NY,89,"Poughkeepsie-Newburgh, NY-NJ",327,"423,566",1,"22,246"
20188,2188,MTA Bus Company,New York,NY,1,"New York-Newark, NY-NJ-CT","3,450","18,351,295",244,"7,706,403"
20189,2189,"BillyBey Ferry Company, LLC",New York,NY,1,"New York-Newark, NY-NJ-CT","3,450","18,351,295",70,"2,131,266"
20190,2190,Port Imperial Ferry Corporation dba NY Waterway,Weehawken,NJ,1,"New York-Newark, NY-NJ-CT","3,450","18,351,295",776,"3,658,455"
20192,2192,Bergen County Community Transportation,Lodi,NJ,1,"New York-Newark, NY-NJ-CT","3,450","18,351,295",247,"905,116"
20193,2193,Cumberland Area Transit System,Bridgeton,NJ,310,"Vineland, NJ",62,"95,259",484,"156,898"
20195,2195,Gloucester County Division of Transportation Services,West Deptford,NJ,5,"Philadelphia, PA-NJ-DE-MD","1,981","5,441,567",329,"290,265"
20196,2196,Middlesex County Area Transit,New Brunswick,NJ,1,"New York-Newark, NY-NJ-CT","3,450","18,351,295",310,"805,001"
20197,2197,"Meadowlands Transportation Brokerage Corporation, dba Meadowlink",Wood Ridge,NJ,1,"New York-Newark, NY-NJ-CT","3,450","18,351,295","1,167","4,103,469"
20198,2198,"TransOptions, Inc.",Cedar Knolls,NJ,1,"New York-Newark, NY-NJ-CT","3,450","18,351,295",112,"53,945"
20199,2199,County of Atlantic,Northfield,NJ,150,"Atlantic City, NJ",125,"248,402",567,"274,219"
20200,2200,South Jersey Transportation Authority,Camden,NJ,150,"Atlantic City, NJ",125,"248,402","1,898","1,525,228"
20201,2201,County of Cumberland,Bridgeton,NJ,5,"Philadelphia, PA-NJ-DE-MD","1,981","5,441,567",678,"156,898"
20202,2202,Essex County Division of Training and Employment,East Orange,NJ,1,"New York-Newark, NY-NJ-CT","3,450","18,351,295",126,"797,434"
20203,2203,Cape May County Fare Free Transportation,Cape May Court House,NJ,489,"Villas, NJ",34,"51,291",251,"94,727"
20204,2204,"Senior Citizens United Community Services of Camden County, Inc.",Audubon,NJ,5,"Philadelphia, PA-NJ-DE-MD","1,981","5,441,567",222,"508,932"
20206,2206,Nassau Inter County Express,Garden City,NY,1,"New York-Newark, NY-NJ-CT","3,450","18,351,295",285,"1,339,532"
20209,2209,Somerset County Transportation,Somerville,NJ,1,"New York-Newark, NY-NJ-CT","3,450","18,351,295",305,"324,194"
20212,2212,County of Hunterdon,Flemington,NJ,1,"New York-Newark, NY-NJ-CT","3,450","18,351,295",438,"126,250"
20217,2217,"Hampton Jitney, Inc.",Southampton,NY,1,"New York-Newark, NY-NJ-CT","3,450","18,351,295","1,215","9,908,805"
22930,,New York City Economic Development Corporation,New York,NY,1,"New York-Newark, NY-NJ-CT","3,450","18,351,295",6,"154,841"
30001,3001,Kanawha Valley Regional Transportation Authority,Charleston,WV,214,"Charleston, WV",98,"153,199",902,"191,275"
30002,3002,The Tri-State Transit Authority,Huntington,WV,178,"Huntington, WV-KY-OH",130,"202,637",92,"144,339"
30003,3003,Mid-Ohio Valley Transit Authority,Parkersburg,WV,411,"Parkersburg, WV-OH",42,"67,229",14,"39,587"
30006,3006,Greater Richmond Transit Company,Richmond,VA,45,"Richmond, VA",492,"953,556",227,"449,572"
30007,3007,Greater Roanoke Transit Company,Roanoke,VA,172,"Roanoke, VA",124,"210,111",43,"97,032"
30008,3008,Greater Lynchburg Transit Company,Lynchburg,VA,271,"Lynchburg, VA",89,"116,636",72,"80,846"
30009,3009,Petersburg Area Transit,Petersburg,VA,45,"Richmond, VA",492,"953,556",7,"72,422"
30010,3010,Lehigh and Northampton Transportation Authority,Allentown,PA,61,"Allentown, PA-NJ",346,"664,651",230,"485,712"
30011,3011,Altoona Metro Transit,Altoona,PA,359,"Altoona, PA",37,"79,930",25,"69,608"
30012,3012,Cambria County Transit Authority,Johnstown,PA,400,"Johnstown, PA",39,"69,014",60,"80,508"
30013,3013,Erie Metropolitan Transit Authority,Erie,PA,183,"Erie, PA",82,"196,611",77,"189,872"
30014,3014,Cumberland Dauphin-Harrisburg Transit Authority,Harrisburg,PA,86,"Harrisburg, PA",260,"444,474",137,"511,009"
30015,3015,Luzerne County Transportation Authority,Kingston,PA,99,"Scranton, PA",171,"381,502",56,"295,020"
30018,3018,Red Rose Transit Authority,Lancaster,PA,91,"Lancaster, PA",248,"402,004",952,"420,920"
30019,3019,Southeastern Pennsylvania Transportation Authority,Philadelphia,PA,5,"Philadelphia, PA-NJ-DE-MD","1,981","5,441,567",839,"3,829,571"
30022,3022,Port Authority of Allegheny County,Pittsburgh,PA,27,"Pittsburgh, PA",905,"1,733,853",775,"1,415,244"
30023,3023,Beaver County Transit Authority,Rochester,PA,27,"Pittsburgh, PA",905,"1,733,853",440,"170,539"
30024,3024,Berks Area Regional Transportation Authority,Reading,PA,140,"Reading, PA",104,"266,254",864,"411,442"
30025,3025,County of Lackawanna Transit System,Scranton,PA,99,"Scranton, PA",171,"381,502",170,"260,348"
30026,3026,Williamsport Bureau of Transportation,Williamsport,PA,462,"Williamsport, PA",27,"56,142",92,"69,764"
30027,3027,York County Transportation Authority,York,PA,158,"York, PA",132,"232,045",911,"381,751"
30030,3030,Washington Metropolitan Area Transit Authority,Washington,DC,8,"Washington, DC-VA-MD","1,322","4,586,770",950,"3,719,567"
30034,3034,Maryland Transit Administration,Baltimore,MD,19,"Baltimore, MD",717,"2,203,663","2,560","7,811,145"
30035,3035,Ohio Valley Regional Transportation Authority,Wheeling,WV,353,"Wheeling, WV-OH",47,"81,249",27,"57,416"
30036,3036,Charlottesville Area Transit,Charlottesville,VA,317,"Charlottesville, VA",35,"92,359",38,"85,755"
30040,3040,Annapolis Department of Transportation,Annapolis,MD,19,"Baltimore, MD",717,"2,203,663",24,"130,600"
30041,3041,Allegany County Transit,Cumberland,MD,484,"Cumberland, MD-WV-PA",33,"51,899",131,"68,780"
30042,3042,Washington County Transit,Hagerstown,MD,189,"Hagerstown, MD-WV-PA",133,"182,696",70,"48,220"
30044,3044,Westmoreland County Transit Authority,Greensburg,PA,27,"Pittsburgh, PA",905,"1,733,853",668,"296,066"
30045,3045,"JAUNT, Inc.",Charlottesville,VA,317,"Charlottesville, VA",35,"92,359","2,595","244,954"
30048,3048,Howard Transit,Ellicott City,MD,19,"Baltimore, MD",717,"2,203,663",251,"284,952"
30050,3050,"G G and C Bus Company, Inc.",Pittsburgh,PA,22,"Pittsburgh, PA",,,,
30051,3051,Ride-On Montgomery County Transit,Rockville,MD,8,"Washington, DC-VA-MD","1,322","4,586,770",495,"971,777"
30054,3054,Centre Area Transportation Authority,State College,PA,335,"State College, PA",29,"87,454",89,"104,360"
30055,3055,Shenango Valley Shuttle Service,Hermitage,PA,97,"Youngstown, OH-PA",241,"387,550",173,"96,432"
30057,3057,Pennsylvania Department of Transportation,Harrisburg,PA,5,"Philadelphia, PA-NJ-DE-MD","1,981","5,441,567","2,092","3,371,466"
30058,3058,City of Fairfax CUE Bus,Fairfax,VA,8,"Washington, DC-VA-MD","1,322","4,586,770",6,"22,565"
30061,3061,Mid Mon Valley Transit Authority,Charleroi,PA,417,"Monessen-California, PA",45,"66,086",44,"79,666"
30067,3067,Access Transportation Systems,Pittsburgh,PA,22,"Pittsburgh, PA",852,"1,753,136",760,"1,450,085"
30068,3068,Fairfax Connector Bus System,Fairfax,VA,8,"Washington, DC-VA-MD","1,322","4,586,770",407,"1,138,652"
30069,3069,City of Danville Mass Transit System,Danville,VA,0,Non-UZA,,0,25,"48,411"
30070,3070,Potomac and Rappahannock Transportation Commission,Woodbridge,VA,8,"Washington, DC-VA-MD","1,322","4,586,770",361,"454,096"
30071,3071,City of Alexandria,Alexandria,VA,8,"Washington, DC-VA-MD","1,322","4,586,770",16,"139,966"
30072,3072,Transit Services of Frederick County,Frederick,MD,230,"Frederick, MD",73,"141,576",18,"68,728"
30073,3073,Virginia Railway Express,Alexandria,VA,8,"Washington, DC-VA-MD","1,322","4,586,770",730,"2,238,365"
30074,3074,Harford Transit,Abingdon,MD,169,"Aberdeen-Bel Air South-Bel Air North, MD",131,"213,751",133,"250,290"
30075,3075,Delaware Transit Corporation,Dover,DE,5,"Philadelphia, PA-NJ-DE-MD","1,981","5,441,567","1,949","952,065"
30076,3076,Williamsburg Area Transit Authority,Williamsburg,VA,371,"Williamsburg, VA",56,"75,689",144,"153,600"
30077,3077,Borough of Pottstown - Pottstown Area Rapid Transit,Pottstown,PA,287,"Pottstown, PA",79,"107,682",34,"54,000"
30078,3078,Southwestern Pennsylvania Commission,Pittsburgh,PA,27,"Pittsburgh, PA",905,"1,733,853",833,"1,614,197"
30079,3079,Fredericksburg Regional Transit,Fredericksburg,VA,231,"Fredericksburg, VA",78,"141,238",242,"113,716"
30080,3080,Arlington Transit - Arlington County,Arlington,VA,8,"Washington, DC-VA-MD","1,322","4,586,770",26,"220,400"
30081,3081,Loudoun County Commuter Bus Service - Office of Transportation Services,Leesburg,VA,8,"Washington, DC-VA-MD","1,322","4,586,770",520,"373,694"
30083,3083,Transportation District Commission of Hampton Roads,Hampton,VA,34,"Virginia Beach, VA",515,"1,439,666",431,"1,143,932"
30084,3084,University of Pittsburgh,Pittsburgh,PA,22,"Pittsburgh, PA",852,"1,753,136",778,"1,753,136"
30085,3085,Prince George's County Transit,Largo,MD,8,"Washington, DC-VA-MD","1,322","4,586,770",487,"909,535"
30087,3087,Fayette Area Coordinated Transportation,Lemont Furnace,PA,487,"Uniontown-Connellsville, PA",39,"51,370",812,"136,606"
30088,3088,"County Commissioners of Charles County, MD",La Plata,MD,283,"Waldorf, MD",68,"109,919",458,"157,705"
30089,3089,Monongalia County Urban Mass Transit Authority,Morgantown,WV,393,"Morgantown, WV",37,"70,350",293,"91,576"
30091,3091,Blacksburg Transit,Blacksburg,VA,328,"Blacksburg, VA",51,"88,542",34,"67,126"
30092,3092,Carroll County Department of Public Works,Westminster,MD,383,"Westminster-Eldersburg, MD",58,"72,714",452,"167,627"
30094,3094,City of Harrisonburg Department of Public Transportation,Harrisonburg,VA,413,"Harrisonburg, VA",33,"66,784",17,"54,402"
30095,3095,County of Lebanon Transit Authority,Lebanon,PA,366,"Lebanon, PA",45,"77,086",362,"133,568"
30096,3096,The Tri-County Council for the Lower Eastern Shore of Maryland,Salisbury,MD,307,"Salisbury, MD-DE",71,"98,081","1,031","169,500"
30099,3099,City of Winchester,Winchester,VA,398,"Winchester, VA",37,"69,449",9,"27,216"
30101,3101,City of Washington,Washington,PA,27,"Pittsburgh, PA",905,"1,733,853",33,"61,634"
30102,3102,Martz Trailways,Wilkes Barre,PA,1,"New York-Newark, NY-NJ-CT","3,450","18,351,295","2,315","813,888"
30103,3103,"Martz Group, National Coach Works of Virginia",Fredericksburg,VA,8,"Washington, DC-VA-MD","1,322","4,586,770",682,"264,585"
30107,3107,West Virginia University - Morgantown Personal Rapid Transit,Morgantown,WV,393,"Morgantown, WV",37,"70,350",12,"60,037"
30111,3111,Washington County Transportation Authority,Washington,PA,27,"Pittsburgh, PA",905,"1,733,853",861,"207,820"
30112,3112,DDOT - Progressive Transportation Services Administration,Washington,DC,8,"Washington, DC-VA-MD","1,322","4,586,770",24,"317,779"
30129,3R03-018,Anne Arundel County,Annapolis,MD,19,"Baltimore, MD",717,"2,203,663",398,"564,000"
30137,3R04-012,Monroe County Transportation  Authority,Scotrun,PA,472,"East Stroudsburg, PA-NJ",52,"54,316",610,"166,314"
30201,,Baltimore City Department of Transportation,Baltimore,MD,19,"Baltimore, MD",717,"2,203,663",81,"621,849"
30202,,South Central Transit Authority,Lancaster,PA,91,"Lancaster, PA",248,"402,004","1,848","732,362"
40001,4001,Chattanooga Area Regional Transportation Authority,Chattanooga,TN,100,"Chattanooga, TN-GA",300,"381,112",289,"167,674"
40002,4002,Knoxville Area Transit,Knoxville,TN,74,"Knoxville, TN",438,"558,696",104,"186,239"
40003,4003,Memphis Area Transit Authority,Memphis,TN,41,"Memphis, TN-MS-AR",497,"1,060,061",319,"744,444"
40004,4004,Metropolitan Transit Authority,Nashville,TN,44,"Nashville-Davidson, TN",563,"969,587",484,"655,900"
40005,4005,ART (Asheville Redefines Transit),Asheville,NC,133,"Asheville, NC",265,"280,648",45,"88,512"
40006,4006,Cape Fear Public Transportation Authority,Wilmington,NC,161,"Wilmington, NC",134,"219,957",200,"216,479"
40007,4007,Capital Area Transit,Raleigh,NC,50,"Raleigh, NC",518,"884,891",125,"347,729"
40008,4008,Charlotte Area Transit System,Charlotte,NC,38,"Charlotte, NC-SC",741,"1,249,442",688,"1,098,944"
40009,4009,Fayetteville Area System of Transit,Fayetteville,NC,122,"Fayetteville, NC",198,"310,282",95,"150,131"
40011,4011,High Point Transit,High Point,NC,202,"High Point, NC",113,"166,485",95,"112,201"
40012,4012,Winston-Salem Transit Authority - Trans-Aid of Forsyth County,Winston-Salem,NC,95,"Winston-Salem, NC",323,"391,024",108,"199,555"
40014,4014,Ms Coast Transportation Authority,Gulfport,MS,175,"Gulfport, MS",165,"208,948",80,"109,258"
40015,4015,"City of Jackson, Department of Planning and Development, Transit Services Division",Jackson,MS,107,"Jackson, MS",242,"351,478",104,"171,943"
40017,4017,Lexington Transit Authority,Lexington,KY,131,"Lexington-Fayette, KY",88,"290,263",284,"295,803"
40018,4018,Transit Authority of River City,Louisville,KY,43,"Louisville/Jefferson County, KY-IN",477,"972,546",357,"806,893"
40019,4019,Transit Authority of Northern Kentucky,Fort Wright,KY,30,"Cincinnati, OH-KY-IN",788,"1,624,827",267,"278,653"
40021,4021,Albany Transit System,Albany,GA,309,"Albany, GA",71,"95,779",17,"75,616"
40022,4022,Metropolitan Atlanta Rapid Transit Authority,Atlanta,GA,9,"Atlanta, GA","2,645","4,515,419",573,"1,559,652"
40023,4023,Augusta Richmond County Transit Department,Augusta,GA,98,"Augusta-Richmond County, GA-SC",260,"386,787",25,"201,793"
40024,4024,"Metra Transit System (Columbus, GA)",Columbus,GA,147,"Columbus, GA-AL",147,"253,602",132,"230,208"
40025,4025,Chatham Area Transit Authority,Savannah,GA,144,"Savannah, GA",165,"260,677",438,"265,128"
40026,4026,Manatee County Area Transit,Bradenton,FL,64,"Sarasota-Bradenton, FL",327,"643,260",743,"322,833"
40027,4027,Pinellas Suncoast Transit Authority,St. Petersburg,FL,17,"Tampa-St. Petersburg, FL",957,"2,441,770",333,"985,625"
40028,4028,Lee County Transit,Fort Myers,FL,78,"Cape Coral, FL",330,"530,290",130,"490,070"
40029,4029,Broward County Transit Division,Plantation,FL,4,"Miami, FL","1,239","5,502,379",410,"1,909,632"
40030,4030,Gainesville Regional Transit System,Gainesville,FL,187,"Gainesville, FL",87,"187,781",76,"163,990"
40031,4031,Lakeland Area Mass Transit District,Lakeland,FL,143,"Lakeland, FL",146,"262,596",77,"312,388"
40032,4032,"County of Volusia, dba: VOTRAN",South Daytona,FL,109,"Palm Coast-Daytona Beach-Port Orange, FL",179,"349,064","1,207","494,593"
40034,4034,Miami-Dade Transit,Miami,FL,4,"Miami, FL","1,239","5,502,379",306,"2,496,435"
40035,4035,Central Florida Regional Transportation Authority,Orlando,FL,32,"Orlando, FL",598,"1,510,516","2,540","2,134,411"
40036,4036,City of Tallahassee,Tallahassee,FL,153,"Tallahassee, FL",127,"240,223",102,"162,310"
40037,4037,"Board of County Commissioners, Palm Beach County, PalmTran, Inc.",West Palm Beach,FL,4,"Miami, FL","1,239","5,502,379",365,"1,268,782"
40038,4038,Escambia County Area Transit,Pensacola,FL,113,"Pensacola, FL-AL",233,"340,067",189,"241,661"
40040,4040,Jacksonville Transportation Authority,Jacksonville,FL,40,"Jacksonville, FL",530,"1,065,219",798,"1,021,375"
40041,4041,Hillsborough Area Regional Transit Authority,Tampa,FL,17,"Tampa-St. Petersburg, FL",957,"2,441,770",255,"875,598"
40042,4042,Birmingham-Jefferson County Transit Authority,Birmingham,AL,55,"Birmingham, AL",530,"749,495",152,"442,804"
40043,4043,The Wave Transit System,Mobile,AL,115,"Mobile, AL",223,"326,183",97,"177,929"
40044,4044,City of Montgomery-Montgomery Area Transit System,Montgomery,AL,142,"Montgomery, AL",154,"263,907",135,"205,764"
40045,4045,Tuscaloosa County Parking and Transit Authority,Tuscaloosa,AL,233,"Tuscaloosa, AL",90,"139,114",171,"136,487"
40046,4046,Sarasota County Area Transit,Sarasota,FL,64,"Sarasota-Bradenton, FL",327,"643,260",227,"404,312"
40047,4047,Athens Transit System,Athens,GA,249,"Athens-Clarke County, GA",98,"128,754",44,"119,980"
40051,4051,Chapel Hill Transit,Chapel Hill,NC,110,"Durham, NC",182,"347,602",62,"80,218"
40053,4053,Greenville Transit Authority,Greenville,SC,93,"Greenville, SC",320,"400,492",97,"188,991"
40054,4054,Johnson City Transit System,Johnson City,TN,259,"Johnson City, TN",110,"120,415",44,"61,630"
40056,4056,Pee Dee Regional Transportation Authority,Florence,SC,325,"Florence, SC",71,"89,557","1,865","242,174"
40057,4057,Jackson Transit Authority,Jackson,TN,385,"Jackson, TN",51,"71,880",48,"67,265"
40058,4058,City of Rome Transit Department,Rome,GA,444,"Rome, GA",48,"60,851",32,"36,323"
40063,4063,Space Coast Area Transit,Cocoa,FL,84,"Palm Bay-Melbourne, FL",232,"452,791",262,"568,701"
40068,4068,Northwest Alabama Council of Local Governments,Muscle Shoals,AL,368,"Florence, AL",62,"77,074","3,365","234,101"
40070,4070,Puerto Rico Ports Authority,San Juan,PR,21,"San Juan, PR",867,"2,148,346",198,"772,332"
40071,4071,"City of Huntsville, Alabama - Public Transportation Division",Huntsville,AL,132,"Huntsville, AL",210,"286,692",66,"137,693"
40073,4073,Lee-Russell Council of Governments,Opelika,AL,374,"Auburn, AL",50,"74,741",609,"193,194"
40074,4074,Pasco County Public Transportation,Port Richey,FL,17,"Tampa-St. Petersburg, FL",957,"2,441,770",745,"475,502"
40077,4077,South Florida Regional Transportation Authority,Pompano Beach,FL,4,"Miami, FL","1,239","5,502,379","1,238","5,502,379"
40078,4078,Cobb County Department of Transportation Authority,Marietta,GA,9,"Atlanta, GA","2,645","4,515,419",210,"688,078"
40080,4080,Kingsport Area Transit System,Kingsport,TN,291,"Kingsport, TN-VA",114,"106,571",47,"53,126"
40082,4082,Douglas County Rideshare,Douglasville,GA,9,"Atlanta, GA","2,645","4,515,419",201,"136,379"
40085,4085,Bay County Council On Aging Bay Coordinated Transportation,Panama City,FL,207,"Panama City, FL",,,,
40086,4086,Metropolitan Bus Authority,San Juan,PR,21,"San Juan, PR",867,"2,148,346",198,"1,176,968"
40087,4087,Durham Area Transit Authority,Durham,NC,110,"Durham, NC",182,"347,602",93,"240,017"
40088,4088,Spartanburg County Transportation Services,Spartanburg,SC,192,"Spartanburg, SC",190,"180,786",811,"284,307"
40092,4092,Clarksville Transit System,Clarksville,TN,208,"Clarksville, TN-KY",110,"158,655",105,"135,471"
40093,4093,Greensboro Transit Authority,Greensboro,NC,120,"Greensboro, NC",185,"311,810",127,"269,666"
40094,4094,Alternativa de Transporte Integrado -ATI,San Juan,PR,21,"San Juan, PR",867,"2,148,346",149,"701,366"
40097,4097,"Council on Aging of St. Lucie, Inc.",Fort Pierce,FL,101,"Port St. Lucie, FL",208,"376,047",572,"306,507"
40100,4100,Santee Wateree Regional Transportation Authority,Sumter,SC,380,"Sumter, SC",66,"73,107","5,944","301,395"
40101,4101,Spartanburg Transit System,Spartanburg,SC,192,"Spartanburg, SC",190,"180,786",40,"37,013"
40102,4102,Waccamaw Regional Transportation Authority,Conway,SC,166,"Myrtle Beach-Socastee, SC-NC",190,"215,304","1,244","338,724"
40103,4103,Wiregrass Transit Authority,Dothan,AL,402,"Dothan, AL",56,"68,781","2,972","245,838"
40104,4104,Indian River County,Vero Beach,FL,220,"Sebastian-Vero Beach South-Florida Ridge, FL",97,"149,422",216,"143,696"
40105,4105,Puerto Rico Highway and Transportation Authority,San Juan,PR,21,"San Juan, PR",867,"2,148,346",892,"2,478,905"
40108,4108,Research Triangle Regional Public Transportation Authority,Research Triangle Park,NC,110,"Durham, NC",182,"347,602","1,519","1,402,824"
40110,4110,Charleston Area Regional Transportation Authority,Charleston,SC,76,"Charleston-North Charleston, SC",293,"548,404",137,"543,209"
40111,4111,Morgan County Area Transportation System,Decatur,AL,392,"Decatur, AL",58,"70,436",574,"111,064"
40113,4113,"Council on Aging of Martin County, Inc.",Stuart,FL,101,"Port St. Lucie, FL",208,"376,047",555,"137,956"
40120,4120,"City of Ocala, Florida",Ocala,FL,211,"Ocala, FL",112,"156,909",55,"64,655"
40125,4125,Municipality of Carolina,Carolina,PR,21,"San Juan, PR",867,"2,148,346",4,"176,762"
40127,4127,Polk County Transit Services Division - Polk County Board of County Commissioners,Bartow,FL,179,"Winter Haven, FL",,,,
40128,4128,Okaloosa County Board of County Commissioners,Fort Walton Beach,FL,186,"Fort Walton Beach-Navarre-Wright, FL",121,"191,917",120,"196,512"
40129,4129,Charlotte County Transit Division,Punta Gorda,FL,199,"North Port-Port Charlotte, FL",119,"169,541",231,"173,115"
40130,4130,Macon-Bibb County Transit Authority,Macon,GA,234,"Macon, GA",98,"137,570",70,"153,691"
40133,4133,Guilford County Transportation,Greensboro,NC,120,"Greensboro, NC",185,"311,810",52,"248,111"
40135,4135,Georgia Regional Transportation Authority,Atlanta,GA,9,"Atlanta, GA","2,645","4,515,419",498,"1,354,871"
40138,4138,Gwinnett County Board of Commissioners,Lawrenceville,GA,9,"Atlanta, GA","2,645","4,515,419",437,"907,135"
40140,4140,Collier Area Transit,Naples,FL,121,"Bonita Springs, FL",187,"310,298","2,025","323,785"
40141,4141,Central Midlands Transit,Columbia,SC,75,"Columbia, SC",380,"549,777",225,"296,000"
40142,4142,City of Canton Transit,Canton,GA,11,"Atlanta, GA","1,963","3,499,840",17,"17,685"
40143,4143,Town of Cary,Cary,NC,50,"Raleigh, NC",518,"884,891",55,"159,170"
40144,4144,Hall Area Transit,Gainesville,GA,245,"Gainesville, GA",126,"130,846",38,"31,782"
40146,4146,Hernando County Board of County Commissioners,Brooksville,FL,221,"Spring Hill, FL",115,"148,220",89,"115,715"
40147,4147,North Carolina State University Transportation Department,Raleigh,NC,50,"Raleigh, NC",518,"884,891",9,"46,000"
40148,4148,"Tri-County Community Council, Inc.",Bonifay,FL,229,"Panama City, FL",92,"143,280",758,"169,856"
40152,4152,"Miami Lakes - vRide, Inc.",Miami Lakes,FL,4,"Miami, FL","1,239","5,502,379","1,116","4,919,036"
40153,4153,"vRide, Inc. - Atlanta",Atlanta,GA,9,"Atlanta, GA","2,645","4,515,419",424,"174,680"
40155,4155,"St Johns County, Florida,  Board of County Commissioners",St. Augustine,FL,399,"St. Augustine, FL",43,"69,173",600,"195,823"
40157,4157,Clayton County Board of Commissioners,Jonesboro,GA,11,"Atlanta, GA","1,963","3,499,840",68,"263,900"
40158,4158,Lake County Board of County Commissioners,Tavares,FL,244,"Leesburg-Eustis-Tavares, FL",94,"131,337",71,"97,497"
40159,4159,Regional Transportation Authority,Nashville,TN,44,"Nashville-Davidson, TN",563,"969,587",750,"1,583,115"
40161,4161,Cherokee County Board of Commissioners,Canton,GA,9,"Atlanta, GA","2,645","4,515,419",422,"235,900"
40169,4169,Regional Planning Commission of Greater Birmingham,Birmingham,AL,55,"Birmingham, AL",530,"749,495",392,"663,615"
40170,4170,Southeast Tennessee Human Resource Agency -Cleveland Urban Area Transit System Division,Cleveland,TN,414,"Cleveland, TN",55,"66,777",24,"66,333"
40171,4171,Knoxville-Knox County Community Action Committee,Knoxville,TN,74,"Knoxville, TN",438,"558,696",239,"331,989"
40172,4172,Western Piedmont Regional Transit Authority,Conover,NC,170,"Hickory, NC",262,"212,195","1,665","342,142"
40173,4173,Piedmont Authority for Regional Transportation,Greensboro,NC,120,"Greensboro, NC",185,"311,810","2,500","1,504,397"
40175,4175,Puerto Rico Maritime Transport Authority,Puerto Real,PR,21,"San Juan, PR",867,"2,148,346",77,"2,398,238"
40177,4177,Buckhead Community Improvement District,Atlanta,GA,9,"Atlanta, GA","2,645","4,515,419",4,"171,000"
40178,4178,The Transportation Management Association Group,Franklin,TN,44,"Nashville-Davidson, TN",563,"969,587","7,505","1,978,890"
40179,4179,Broward County Community Bus Service,Plantation,FL,4,"Miami, FL","1,239","5,502,379",410,"1,869,235"
40180,4180,University of Georgia Transit System,Athens,GA,249,"Athens-Clarke County, GA",98,"128,754",14,"119,648"
40184,4184,The City of Bowling Green/Community Action of Southern Kentucky,Bowling Green,KY,364,"Bowling Green, KY",45,"78,306",15,"63,616"
40185,4185,Bay County Transportation Planning Organization,Panama City,FL,229,"Panama City, FL",92,"143,280",58,"105,192"
40186,4186,City of Murfreesboro,Murfreesboro,TN,241,"Murfreesboro, TN",77,"133,228",56,"108,755"
40188,4188,Virgin Islands Department of Public Works,St. Thomas,VI,600,"Virgin Islands, VI",134,"106,405",132,"89,246"
40190,4190,"East Tennessee Human Resource Agency, Inc.",Knoxville,TN,449,"Morristown, TN",60,"59,036","6,563","1,176,033"
40191,4191,Transit Authority of Central Kentucky,Elizabethtown,KY,379,"Elizabethtown-Radcliff, KY",57,"73,467",929,"137,401"
40192,4192,Martin County,Stuart,FL,101,"Port St. Lucie, FL",208,"376,047",65,"150,870"
40196,4196,Kentuckiana Regional Planning and Development Agency,Louisville,KY,43,"Louisville/Jefferson County, KY-IN",477,"972,546","2,446","1,192,204"
40200,4200,Tampa Bay Area Regional Transportation Authority,Tampa,FL,17,"Tampa-St. Petersburg, FL",957,"2,441,770","2,554","2,975,230"
40203,4203,Enterprise Rideshare,Atlanta,GA,9,"Atlanta, GA","2,645","4,515,419",132,"432,247"
40204,4204,Mid-Cumberland Human Resource Agency,Nashville,TN,241,"Murfreesboro, TN",77,"133,228","5,415","1,141,280"
40208,4208,City of Clemson/ Clemson Area Transit,Clemson,SC,93,"Greenville, SC",320,"400,492",17,"27,883"
40213,4213,Autauga County Commission,Prattville,AL,142,"Montgomery, AL",154,"263,907",139,"31,706"
40222,4R06-094,Wake County DSS,Raleigh,NC,50,"Raleigh, NC",518,"884,891",861,"1,024,198"
40224,4224,Buncombe County,Asheville ,NC,133,"Asheville, NC",265,"280,648",657,"238,318"
40228,4228,Mecklenburg County DSS,Charlotte,NC,38,"Charlotte, NC-SC",741,"1,249,442",31,"1,034,070"
40230,4230,City of Atlanta - Department of Public Works - Transit Division,Atlanta,GA,9,"Atlanta, GA","2,645","4,515,419",132,"472,522"
40232,4232,Central Florida Commuter Rail,Sanford,FL,32,"Orlando, FL",598,"1,510,516",110,"255,483"
40244,,"Spartanburg Regional Health Services, Inc.",Spartanburg,SC,192,"Spartanburg, SC",190,"180,786",811,"293,514"
40245,,"Clay County Council on Aging, Inc., dba Clay Transit",Green Cove Springs,FL,40,"Jacksonville, FL",530,"1,065,219",881,"210,000"
40258,,"The Looper Group, Inc.",St. Petersburg,FL,17,"Tampa-St. Petersburg, FL",957,"2,441,770",3,"15,882"
40259,,"Jolley Trolley Transportation of Clearwater, Inc.",Clearwater,FL,17,"Tampa-St. Petersburg, FL",957,"2,441,770",5,"9,165"
40264,,Georgia State Road and Tollway Authority,Atlanta,GA,9,"Atlanta, GA",,,,
40265,,North Central Alabama Regional Council of Governments,Decatur,AL,392,"Decatur, AL",58,"70,436","1,316","152,680"
40928,4R01-005,Baldwin County Commission,Bay Minette ,AL,458,"Daphne-Fairhope, AL",55,"57,383","2,027","210,000"
41068,4R02-028,Flagler Co. Public Transportation,Bunnell,FL,109,"Palm Coast-Daytona Beach-Port Orange, FL",179,"349,064",571,"105,157"
41105,4R04-020,"Audubon Area Community Services, Inc.",Owensboro,KY,391,"Owensboro, KY",34,"70,543","2,693","216,306"
44929,,City of Fort Lauderdale,Fort Lauderdale,FL,4,"Miami, FL","1,239","5,502,379",19,"87,887"
50001,5001,City of Appleton - Valley Transit,Appleton,WI,165,"Appleton, WI",104,"216,154",117,"216,154"
50002,5002,Green Bay Metro,Green Bay,WI,176,"Green Bay, WI",105,"206,520",90,"175,748"
50003,5003,Kenosha Transit,Kenosha,WI,256,"Kenosha, WI-IL",51,"124,064",27,"99,894"
50004,5004,LaCrosse Municipal Transit Utility,La Crosse,WI,298,"La Crosse, WI-MN",51,"100,868",36,"71,201"
50005,5005,Metro Transit System,Madison,WI,92,"Madison, WI",151,"401,661",72,"256,150"
50006,5006,Belle Urban System - Racine,Racine,WI,239,"Racine, WI",49,"133,700",27,"112,100"
50008,5008,Milwaukee County Transit System,Milwaukee,WI,35,"Milwaukee, WI",546,"1,376,476",237,"957,735"
50009,5009,GO Transit,Oshkosh,WI,376,"Oshkosh, WI",31,"74,495",25,"66,083"
50010,5010,METRO Regional Transit Authority,Akron,OH,71,"Akron, OH",325,"569,499",420,"541,968"
50011,5011,Stark Area Regional Transit Authority,Canton,OH,135,"Canton, OH",166,"279,245",581,"375,586"
50012,5012,Southwest Ohio Regional Transit Authority,Cincinnati,OH,30,"Cincinnati, OH-KY-IN",788,"1,624,827",262,"845,303"
50015,5015,The Greater Cleveland Regional Transit Authority,Cleveland,OH,25,"Cleveland, OH",772,"1,780,673",458,"1,412,140"
50016,5016,Central Ohio Transit Authority,Columbus,OH,36,"Columbus, OH",510,"1,368,035",323,"1,059,314"
50017,5017,Greater Dayton Regional Transit Authority,Dayton,OH,59,"Dayton, OH",351,"724,091",274,"559,062"
50019,5019,City of Middletown - Middletown Transit System,Middletown,OH,308,"Middletown, OH",56,"97,503",20,"49,490"
50020,5020,Springfield City Area Transit,Springfield,OH,337,"Springfield, OH",49,"85,256",25,"59,680"
50021,5021,Portage Area Regional Transportation Authority,Kent,OH,71,"Akron, OH",325,"569,499",492,"161,494"
50022,5022,Toledo Area Regional Transit Authority,Toledo,OH,80,"Toledo, OH-MI",240,"507,643",140,"366,314"
50024,5024,Western Reserve Transit Authority,Youngstown,OH,97,"Youngstown, OH-PA",241,"387,550",216,"238,823"
50025,5025,Duluth Transit Authority,Duluth,MN,260,"Duluth, MN-WI",70,"120,378",72,"116,566"
50026,5026,"City of Moorhead, DBA: Metropolitan Area Transit",Moorhead,MN,194,"Fargo, ND-MN",70,"176,676",26,"46,339"
50027,5027,Metro Transit,Minneapolis,MN,16,"Minneapolis-St. Paul, MN-WI","1,022","2,650,890",653,"1,837,223"
50028,5028,St. Cloud Metropolitan Transit Commission,St. Cloud,MN,281,"St. Cloud, MN",50,"110,621",29,"103,018"
50029,5029,Bay Metropolitan Transit Authority,Bay City,MI,390,"Bay City, MI",40,"70,585",442,"106,832"
50030,5030,Battle Creek Transit,Battle Creek,MI,363,"Battle Creek, MI",53,"78,393",73,"87,735"
50031,5031,Suburban Mobility Authority for Regional Transportation,Detroit,MI,11,"Detroit, MI","1,337","3,734,090","1,074","3,424,477"
50032,5032,Mass Transportation Authority,Flint,MI,106,"Flint, MI",236,"356,218",640,"418,408"
50033,5033,Interurban Transit Partnership,Grand Rapids,MI,70,"Grand Rapids, MI",281,"569,935",155,"417,978"
50034,5034,City of Jackson Transportation Authority,Jackson,MI,324,"Jackson, MI",58,"90,057",724,"160,248"
50035,5035,Kalamazoo Metro Transit System,Kalamazoo,MI,173,"Kalamazoo, MI",132,"209,703",69,"209,555"
50036,5036,Capital Area Transportation Authority,Lansing,MI,118,"Lansing, MI",158,"313,532",136,"289,629"
50037,5037,Muskegon Area Transit System,Muskegon Heights,MI,207,"Muskegon, MI",112,"161,280",499,"172,188"
50038,5038,Niles Dial-A-Ride,Niles,MI,136,"South Bend, IN-MI",161,"278,165",120,"237,932"
50039,5039,Saginaw Transit Authority Regional Service,Saginaw,MI,253,"Saginaw, MI",71,"126,265",63,"200,169"
50040,5040,Ann Arbor Area Transportation Authority,Ann Arbor,MI,125,"Ann Arbor, MI",160,"306,022",110,"224,916"
50041,5041,City of Anderson Transportation System,Anderson,IN,330,"Anderson, IN",66,"88,133",45,"55,305"
50042,5042,East Chicago Transit,East Chicago,IN,3,"Chicago, IL-IN","2,443","8,608,208",11,"29,698"
50043,5043,Metropolitan Evansville Transit System,Evansville,IN,159,"Evansville, IN-KY",119,"229,351",45,"122,961"
50044,5044,Fort Wayne Public Transportation Corporation,Fort Wayne,IN,119,"Fort Wayne, IN",172,"313,492",111,"268,485"
50045,5045,Gary Public Transportation Corporation,Gary,IN,3,"Chicago, IL-IN","2,443","8,608,208",38,"102,746"
50047,5047,Bloomington-Normal Public Transit System,Normal,IL,243,"Bloomington-Normal, IL",49,"132,600",46,"129,107"
50048,5048,Northwest Indiana Community Action Corporation,Crown Point,IN,3,"Chicago, IL-IN","2,123","8,307,904",919,"848,604"
50050,5050,Indianapolis and Marion County Public Transportation,Indianapolis,IN,33,"Indianapolis, IN",706,"1,487,483",396,"928,281"
50051,5051,Greater Lafayette Public Transportation Corporation,Lafayette,IN,223,"Lafayette, IN",64,"147,725",74,"134,333"
50052,5052,South Bend Public Transportation Corporation,South Bend,IN,136,"South Bend, IN-MI",161,"278,165",68,"154,346"
50053,5053,Terre Haute Transit Utility,Terre Haute,IN,316,"Terre Haute, IN",53,"92,742",18,"59,614"
50054,5054,Muncie Indiana Transit System,Muncie,IN,322,"Muncie, IN",47,"90,580",27,"70,085"
50056,5056,Greater Peoria Mass Transit District,Peoria,IL,139,"Peoria, IL",144,"266,921",105,"209,896"
50057,5057,Rock Island County Metropolitan Mass Transit District,Moline ,IL,134,"Davenport, IA-IL",138,"280,051",46,"120,378"
50058,5058,Rockford Mass Transit District,Rockford,IL,127,"Rockford, IL",153,"296,863",155,"227,502"
50059,5059,Springfield Mass Transit District,Springfield,IL,206,"Springfield, IL",92,"161,316",65,"123,682"
50060,5060,Champaign-Urbana Mass Transit District,Urbana,IL,224,"Champaign, IL",47,"145,361",40,"136,828"
50061,5061,Decatur Public Transit System,Decatur,IL,313,"Decatur, IL",59,"93,863",53,"82,155"
50066,5066,Chicago Transit Authority,Chicago,IL,3,"Chicago, IL-IN","2,443","8,608,208",309,"3,272,295"
50088,5088,Shoreline Metro,Sheboygan,WI,388,"Sheboygan, WI",33,"71,313",23,"59,490"
50090,5090,Richland County Transit,Mansfield,OH,372,"Mansfield, OH",50,"75,250",74,"70,556"
50091,5091,Wausau Area Transit System,Wausau,WI,375,"Wausau, WI",47,"74,632",19,"39,302"
50092,5092,City of Rochester Public Transportation,Rochester,MN,288,"Rochester, MN",51,"107,677",51,"104,230"
50093,5093,Lima Allen County Regional Transit Authority,Lima,OH,381,"Lima, OH",52,"72,852",407,"106,094"
50094,5094,WAUKESHA COUNTY TRANSIT SYSTEM,Waukesha,WI,32,"Milwaukee, WI",487,"1,308,913",314,"537,500"
50095,5095,Lorain County Transit,Elyria,OH,191,"Lorain-Elyria, OH",100,"180,956",49,"127,025"
50096,5096,City of Waukesha Transit Commission,Waukesha,WI,35,"Milwaukee, WI",546,"1,376,476",43,"141,642"
50099,5099,Eau Claire Transit,Eau Claire,WI,297,"Eau Claire, WI",69,"102,852",28,"74,601"
50102,5102,Hammond Transit System,Hammond,IN,3,"Chicago, IL-IN","2,123","8,307,904",25,"83,048"
50103,5103,North Township of Lake County Dial-A-Ride,Hammond,IN,3,"Chicago, IL-IN","2,443","8,608,208",51,"162,855"
50104,5104,Northern Indiana Commuter Transportation District,Chesterton,IN,3,"Chicago, IL-IN","2,443","8,608,208","1,970","958,644"
50108,5108,Janesville Transit System,Janesville,WI,396,"Janesville, WI",31,"69,658",28,"63,600"
50109,5109,City of Beloit Transit System,Beloit,WI,432,"Beloit, WI-IL",34,"63,835",16,"35,871"
50110,5110,Bloomington Public Transportation Corporation,Bloomington,IN,286,"Bloomington, IN",45,"108,657",21,"80,405"
50113,5113,Pace - Suburban Bus Division,Arlington Heights,IL,3,"Chicago, IL-IN","2,443","8,608,208","3,519","5,630,238"
50117,5117,Laketran,Grand River,OH,25,"Cleveland, OH",772,"1,780,673",227,"229,230"
50118,5118,Northeast Illinois Regional Commuter Railroad Corporation dba: Metra Rail,Chicago,IL,3,"Chicago, IL-IN","2,443","8,608,208","1,940","7,261,176"
50119,5119,City of Detroit Department of Transportation,Detroit,MI,11,"Detroit, MI","1,337","3,734,090",144,"713,777"
50131,5131,"Opportunity Enterprises, Inc.",Valparaiso,IN,3,"Chicago, IL-IN","2,443","8,608,208",590,"160,105"
50132,5132,Twin Cities Area Transportation Authority,Benton Harbor,MI,443,"Benton Harbor-St. Joseph-Fair Plain, MI",47,"61,022",14,"27,000"
50133,5133,Chippewa Falls General Public Shared-Ride Taxi System,Chippewa Falls,WI,297,"Eau Claire, WI",69,"102,852",11,"13,718"
50138,5138,City of Newark Transit Operations,Newark,OH,369,"Newark, OH",42,"76,068",32,"57,883"
50141,5141,Detroit Transportation Corporation,Detroit,MI,11,"Detroit, MI","1,337","3,734,090",3,"92,477"
50143,5143,Brunswick Transit Alternative,Brunswick,OH,25,"Cleveland, OH",772,"1,780,673",37,"46,638"
50145,5145,City of Kokomo,Kokomo,IN,437,"Kokomo, IN",36,"62,182",80,"56,842"
50146,5146,Madison County Transit District,Granite City,IL,20,"St. Louis, MO-IL",924,"2,150,706",189,"232,298"
50147,5147,City of Holland Macatawa Area Express,Holland,MI,278,"Holland, MI",,,,
50148,5148,Blue Water Area Transportation Commission,Port Huron,MI,336,"Port Huron, MI",60,"87,106",700,"159,587"
50149,5149,Michiana Area Council of Governments,South Bend,IN,227,"Elkhart, IN-MI",92,"143,592",90,"142,692"
50154,5154,Metropolitan Council,St. Paul,MN,16,"Minneapolis-St. Paul, MN-WI","1,022","2,650,890","2,975","2,849,712"
50155,5155,Metro Mobility,St. Paul,MN,16,"Minneapolis-St. Paul, MN-WI","1,022","2,650,890","1,111","2,314,701"
50157,5157,Butler County Regional Transit Authority,Hamilton,OH,30,"Cincinnati, OH-KY-IN",788,"1,624,827",53,"368,130"
50158,5158,University of Michigan Parking and Transportation Services,Ann Arbor,MI,125,"Ann Arbor, MI",160,"306,022",12,"66,641"
50159,5159,River Valley Metro Mass Transit District,Bourbonnais,IL,350,"Kankakee, IL",37,"81,926",27,"66,386"
50160,5160,Washington County Transit,West Bend,WI,35,"Milwaukee, WI",546,"1,376,476",435,"134,137"
50161,5161,Ozaukee County Transit Services,Port Washington,WI,35,"Milwaukee, WI",546,"1,376,476",235,"86,389"
50163,5163,Licking County Transit Board,Newark,OH,369,"Newark, OH",42,"76,068",683,"166,492"
50164,5R05-082,Sandusky Transit System,Sandusky,OH,0,Non-UZA,,0,28,"45,144"
50165,5165,Greene County Transit Board,Xenia,OH,59,"Dayton, OH",351,"724,091",425,"147,886"
50166,5166,Clermont Transportation Connection,Batavia,OH,30,"Cincinnati, OH-KY-IN",788,"1,624,827",452,"203,022"
50167,5167,"South Lake County Community Services, Inc.",Crown Point,IN,3,"Chicago, IL-IN","2,443","8,608,208",550,"220,752"
50168,5168,Clinton Area Transit System,St. Johns,MI,105,"Lansing, MI",137,"300,032",576,"74,753"
50169,5169,Miami County Public Transit,Troy,OH,59,"Dayton, OH",351,"724,091",410,"101,256"
50171,5171,Fond du Lac Area Transit,Fond du Lac,WI,468,"Fond du Lac, WI",29,"54,901",19,"49,167"
50174,5174,City of Danville/Danville Mass Transit,Danville,IL,492,"Danville, IL-IN",30,"50,996",34,"88,517"
50175,5175,Niles Trumbull Transit,Niles,OH,97,"Youngstown, OH-PA",241,"387,550",625,"210,312"
50176,5176,City of DeKalb,DeKalb,IL,404,"DeKalb, IL",26,"68,545",26,"68,545"
50179,5179,"Porter County Aging and Community Services, Inc.",Valparaiso,IN,3,"Chicago, IL-IN","2,443","8,608,208",522,"164,343"
50180,5180,Livingston Essential Transportation Service,Howell,MI,262,"South Lyon-Howell, MI",103,"119,509",568,"188,806"
50181,5181,City of Grand Haven Harbor Transit,Grand Haven,MI,207,"Muskegon, MI",112,"161,280",11,"16,722"
50182,5182,"Pace-Suburban Bus Division, ADA Paratransit Services",Arlington Heights,IL,3,"Chicago, IL-IN","2,443","8,608,208","1,333","6,632,399"
50183,5183,City of Valparaiso,Valparaiso,IN,3,"Chicago, IL-IN","2,443","8,608,208",16,"31,730"
50184,5184,Macatawa Area Express Transportation Authority,Holland,MI,299,"Holland, MI",59,"99,941",42,"71,572"
50186,5186,Lawrence County Port Authority,Ironton,OH,178,"Huntington, WV-KY-OH",130,"202,637",67,"113,532"
50189,5189,Michigan Department of Transportation,Lansing,MI,11,"Detroit, MI","1,337","3,734,090","97,990","10,003,422"
50190,5190,City of Chicago Department of Transportation,Chicago,IL,3,"Chicago, IL-IN","2,443","8,608,208",2,"2,853,114"
50191,5191,Mid-Ohio Regional Planning Commission,Columbus,OH,36,"Columbus, OH",510,"1,368,035",518,"2,253,450"
50192,5192,NWI Regional Bus Authority,Portage,IN,3,"Chicago, IL-IN","2,443","8,608,208",44,"142,459"
50193,5193,"VRide, Inc. - Michigan",Farmington Hills,MI,11,"Detroit, MI","1,337","3,734,090","2,544","10,003,422"
50197,5197,Trumbull County Transit Board,Warren,OH,97,"Youngstown, OH-PA",241,"387,550",625,"210,312"
50198,5198,Medina County Public Transit,Medina,OH,25,"Cleveland, OH",772,"1,780,673",425,"174,091"
50199,5199,Delaware County Transit Board,Delaware,OH,36,"Columbus, OH",510,"1,368,035",459,"184,979"
50204,5204,Jackson County Mass Transit District,Carbondale,IL,408,"Carbondale, IL",49,"67,821",584,"59,677"
50209,5209,Central Indiana Regional Transportation Authority ,Indianapolis,IN,33,"Indianapolis, IN",706,"1,487,483","3,906","2,053,107"
50211,5211,Rides Mass Transit District,Harrisburg,IL,408,"Carbondale, IL",49,"67,821","7,379","306,981"
50213,5213,M-1 Rail,Detroit,MI,11,"Detroit, MI","1,337","3,734,090",,
50515,5218,University of Minnesota Transit,Minneapolis,MN,16,"Minneapolis-St. Paul, MN-WI","1,022","2,650,890",5,"65,425"
50516,5219,City of Plymouth,City of Plymouth,MN,16,"Minneapolis-St. Paul, MN-WI","1,022","2,650,890",35,"74,592"
50517,5220,City of Maple Grove,Maple Grove,MN,16,"Minneapolis-St. Paul, MN-WI","1,022","2,650,890",36,"69,249"
50518,5221,SouthWest Transit,Eden Prairie,MN,16,"Minneapolis-St. Paul, MN-WI","1,022","2,650,890",81,"112,518"
50519,5222,Minnesota Valley Transit Authority,Burnsville,MN,16,"Minneapolis-St. Paul, MN-WI","1,022","2,650,890",139,"288,219"
50521,,Chicago Water Taxi (Wendella),Chicago,IL,3,"Chicago, IL-IN","2,443","8,608,208",89,"69,764"
50522,,Lake Erie Transit,Monroe,MI,11,"Detroit, MI","1,337","3,734,090",153,"91,876"
60001,6001,Amarillo City Transit,Amarillo,TX,182,"Amarillo, TX",81,"196,651",74,"190,695"
60006,6006,Mass Transit Department - City of El Paso,El Paso,TX,53,"El Paso, TX-NM",251,"803,086",251,"803,086"
60007,6007,Fort Worth Transportation Authority,Fort Worth,TX,6,"Dallas-Fort Worth-Arlington, TX","1,779","5,121,892",350,"824,984"
60008,6008,"Metropolitan Transit Authority of Harris County, Texas",Houston,TX,7,"Houston, TX","1,660","4,944,332","1,306","4,298,000"
60009,6009,"Laredo Transit Management, Inc.",Laredo,TX,157,"Laredo, TX",66,"235,730",59,"236,091"
60010,6010,"City Transit Management Company, Inc.",Lubbock,TX,155,"Lubbock, TX",96,"237,356",50,"160,250"
60011,6011,VIA Metropolitan Transit,San Antonio,TX,26,"San Antonio, TX",597,"1,758,210","1,213","1,825,502"
60012,6012,"Waco Transit System, Inc.",Waco,TX,196,"Waco, TX",90,"172,378",99,"173,192"
60013,6013,Port Arthur Transit,Port Arthur,TX,215,"Port Arthur, TX",106,"153,150",39,"57,755"
60014,6014,City of Brownsville - Brownsville Metro,Brownsville,TX,164,"Brownsville, TX",82,"217,585",164,"181,860"
60015,6015,Island Transit,Galveston,TX,0,Texas Non-UZA,0,0,32,"47,743"
60016,6016,Beaumont Municipal Transit System,Beaumont,TX,222,"Beaumont, TX",92,"147,922",41,"82,731"
60017,6017,Central Oklahoma Transportation and Parking Authority,Oklahoma City,OK,51,"Oklahoma City, OK",411,"861,505",244,"650,221"
60018,6018,Metropolitan Tulsa Transit Authority,Tulsa,OK,62,"Tulsa, OK",336,"655,479",257,"519,664"
60019,6019,City of Albuquerque Transit Department,Albuquerque,NM,56,"Albuquerque, NM",251,"741,318",235,"661,629"
60020,6020,Louisiana Department of Transportation & Development,Baton Rouge,LA,49,"New Orleans, LA",251,"899,703",251,"899,703"
60022,6022,Capital Area Transit System,Baton Rouge,LA,68,"Baton Rouge, LA",367,"594,309",211,"367,124"
60024,6024,Shreveport Area Transit System,Shreveport,LA,126,"Shreveport, LA",185,"298,317",61,"275,213"
60025,6025,City of Alexandria,Alexandria,LA,346,"Alexandria, LA",66,"82,804",28,"62,924"
60026,6026,City of Monroe Transit System,Monroe,LA,272,"Monroe, LA",82,"116,533",31,"49,601"
60032,6032,New Orleans Regional Transit Authority,New Orleans,LA,49,"New Orleans, LA",251,"899,703",75,"369,250"
60033,6033,Central Arkansas Transit Authority,North Little Rock,AR,88,"Little Rock, AR",258,"431,388",100,"165,255"
60037,6037,City of San Angelo,San Angelo,TX,300,"San Angelo, TX",46,"87,969",46,"87,969"
60038,6038,Lafayette Transit System,Lafayette,LA,148,"Lafayette, LA",179,"252,720",49,"221,578"
60040,6040,CityLink Transit,Abilene,TX,282,"Abilene, TX",55,"110,421",110,"120,099"
60041,6041,Handitran Special Transit Division - City of Arlington,Arlington,TX,6,"Dallas-Fort Worth-Arlington, TX","1,779","5,121,892",199,"383,204"
60048,6048,Capital Metropolitan Transportation Authority,Austin,TX,37,"Austin, TX",523,"1,362,416",535,"1,163,204"
60049,6049,Las Cruces Area Transit,Las Cruces,NM,250,"Las Cruces, NM",65,"128,600",55,"107,419"
60051,6051,Corpus Christi Regional Transportation Authority,Corpus Christi,TX,116,"Corpus Christi, TX",120,"320,069",841,"348,892"
60053,6053,Texoma Council of Governments Transportation Department,Sherman,TX,407,"Sherman, TX",,,,
60056,6056,Dallas Area Rapid Transit,Dallas,TX,6,"Dallas-Fort Worth-Arlington, TX","1,779","5,121,892",698,"2,380,530"
60059,6059,Brazos Transit District,Bryan,TX,197,"College Station-Bryan, TX",71,"171,345",74,"132,500"
60062,6062,"University of Arkansas, Fayetteville",Fayetteville,AR,129,"Fayetteville-Springdale-Rogers, AR-MO",188,"295,083",18,"80,621"
60068,6068,City of Grand Prairie Transportation Services Department,Grand Prairie,TX,6,"Dallas-Fort Worth-Arlington, TX","1,779","5,121,892",81,"190,682"
60070,6070,City of Mesquite,Mesquite,TX,6,"Dallas-Fort Worth-Arlington, TX","1,779","5,121,892",,
60072,6072,Ozark Regional Transit,Springdale,AR,129,"Fayetteville-Springdale-Rogers, AR-MO",188,"295,083","3,253","467,570"
60077,6077,Santa Fe Trails - City of Santa Fe,Santa Fe,NM,326,"Santa Fe, NM",53,"89,284",41,"67,947"
60080,6080,Terrebonne Parish Consolidated Government,Houma,LA,226,"Houma, LA",91,"144,875",57,"82,803"
60082,6082,The Gulf Coast Center,Texas City,TX,293,"Texas City, TX",76,"106,383","1,792","557,437"
60084,6084,"Ft.Worth - vRide, Inc.",Arlington,TX,6,"Dallas-Fort Worth-Arlington, TX","1,779","5,121,892",294,"504,350"
60085,6085,"Houston - VPSI, Inc.",Houston,TX,10,"Houston, TX","1,295","3,822,509","1,178","2,901,851"
60086,6086,Fort Smith Transit,Fort Smith,AR,257,"Fort Smith, AR-OK",71,"122,947",65,"86,209"
60088,6088,Jefferson Parish Department of Transit Administration,Gretna,LA,49,"New Orleans, LA",251,"899,703",94,"431,019"
60090,6090,Lower Rio Grande Valley Development Council,Weslaco,TX,57,"McAllen, TX",358,"728,825","4,645","1,162,453"
60091,6091,Hill Country Transit District,San Saba,TX,163,"Killeen, TX",85,"217,630","8,426","395,300"
60092,6092,ATC / Vancom,Dallas,TX,6,"Dallas-Fort Worth-Arlington, TX",,,,
60093,6093,Texarkana Urban Transit District,Texarkana,TX,365,"Texarkana-Texarkana, TX-AR",64,"78,162",36,"76,027"
60094,6094,The Lawton Area Transit System,Lawton,OK,312,"Lawton, OK",44,"94,457",42,"70,177"
60095,6095,Golden Crescent Regional Planning Commission,Victoria,TX,434,"Victoria, TX",29,"63,683",30,"60,603"
60096,6096,Cleveland Area Rapid Transit, Norman,OK,296,"Norman, OK",45,"103,898",178,"96,782"
60097,6097,Midland-Odessa Urban Transit District,Midland,TX,252,"Odessa, TX",59,"126,405",37,"99,940"
60099,6099,City of McAllen - McAllen Express Transit,McAllen,TX,57,"McAllen, TX",358,"728,825",49,"129,877"
60101,6101,Denton County Transportation Authority,Lewisville,TX,104,"Denton-Lewisville, TX",145,"366,174",157,"241,750"
60102,6102,Concho Valley Transit District,San Angelo,TX,315,"San Angelo, TX",47,"92,984","15,355","158,745"
60103,6103,Fort Bend County Public Transportation,Sugar Land,TX,7,"Houston, TX","1,660","4,944,332",861,"685,345"
60104,6104,Jonesboro Economical Transportation System,Jonesboro,AR,420,"Jonesboro, AR",47,"65,419",39,"51,804"
60107,6107,"Texoma Area Paratransit System, Inc",Sherman,TX,438,"Sherman, TX",36,"61,900","5,754","285,394"
60108,6108,"Harris County Community Services Department, Office of Transit Services",Houston,TX,7,"Houston, TX","1,660","4,944,332","1,703","4,356,362"
60110,6110,Collin County Committee on Aging,McKinney,TX,198,"McKinney, TX",74,"170,030",20,"121,211"
60111,6111,Rio Metro Regional Transit District,Albuquerque,NM,56,"Albuquerque, NM",251,"741,318",915,"929,543"
60113,6113,City of Cleburne,Cleburne,TX,6,"Dallas-Fort Worth-Arlington, TX","1,779","5,121,892",725,"163,274"
60114,6114,STAR Transit,Terrell,TX,6,"Dallas-Fort Worth-Arlington, TX","1,779","5,121,892",981,"391,443"
60115,6115,Public Transit Services,Mineral Wells,TX,6,"Dallas-Fort Worth-Arlington, TX","1,779","5,121,892","1,855","157,494"
60116,6116,Special Programs for Aging Needs,Denton,TX,104,"Denton-Lewisville, TX",145,"366,174",878,"806,180"
60124,6124,"vRide, Inc. - El Paso",El Paso,TX,53,"El Paso, TX-NM",,,,
60127,6127,Plaquemines Parish Government,Belle Chasse,LA,49,"New Orleans, LA",251,"899,703",4,"23,628"
60130,6130,Alamo Area Council of Governments,San Antonio ,TX,26,"San Antonio, TX",597,"1,758,210","10,185","534,238"
60133,6133,McKinney Avenue Transit Authority,Dallas,TX,6,"Dallas-Fort Worth-Arlington, TX","1,779","5,121,892",5,"18,911"
60134,6134,The Woodlands Township,The Woodlands,TX,154,"Conroe-The Woodlands, TX",133,"239,938",454,"604,068"
60269,,Texas State University,San Marcos,TX,479,"San Marcos, TX",27,"52,826",27,"48,644"
70001,7001,StarTran,Lincoln,NE,145,"Lincoln, NE",88,"258,719",93,"272,996"
70002,7002,Transit Authority of Omaha,Omaha,NE,58,"Omaha, NE-IA",271,"725,008",178,"561,920"
70003,7003,City Utilities of Springfield,Springfield,MO,138,"Springfield, MO",142,"273,724",95,"189,257"
70005,7005,Kansas City Area Transportation Authority,Kansas City,MO,31,"Kansas City, MO-KS",678,"1,519,417",456,"788,748"
70006,7006,"Bi-State Development Agency of the Missouri-Illinois Metropolitan District, d.b.a.(St. Louis) Metro",St. Louis,MO,20,"St. Louis, MO-IL",924,"2,150,706",558,"1,566,004"
70007,7007,Bettendorf Transit System,Bettendorf,IA,134,"Davenport, IA-IL",138,"280,051",22,"33,217"
70008,7008,Cedar Rapids Transit,Cedar Rapids,IA,193,"Cedar Rapids, IA",83,"177,844",78,"158,890"
70009,7009,Davenport Public Transit,Davenport,IA,134,"Davenport, IA-IL",138,"280,051",26,"99,685"
70010,7010,Des Moines Area Regional Transit Authority,Des Moines,IA,85,"Des Moines, IA",201,"450,070",163,"374,910"
70011,7011,City of Dubuque,Dubuque,IA,409,"Dubuque, IA-IL",34,"67,818",26,"60,140"
70012,7012,Sioux City Transit System,Sioux City,IA,292,"Sioux City, IA-NE-SD",54,"106,494",53,"122,128"
70013,7013,Metropolitan Transit Authority of Black Hawk County,Waterloo,IA,278,"Waterloo, IA",62,"113,418",51,"108,519"
70014,7014,Topeka Metropolitan Transit Authority,Topeka,KS,217,"Topeka, KS",80,"150,003",58,"127,473"
70015,7015,Wichita Transit,Wichita,KS,83,"Wichita, KS",215,"472,870",159,"382,386"
70016,7016,City of Columbia,Columbia,MO,255,"Columbia, MO",62,"124,748",65,"121,351"
70018,7018,Iowa City Transit,Iowa City,IA,290,"Iowa City, IA",46,"106,621",25,"74,220"
70019,7019,University of Iowa,Iowa City,IA,290,"Iowa City, IA",46,"106,621",30,"71,372"
70030,7030,Coralville Transit System,Coralville,IA,290,"Iowa City, IA",46,"106,621",12,"20,092"
70032,7032,St. Joseph Transit,St. Joseph,MO,354,"St. Joseph, MO-KS",42,"81,176",39,"78,004"
70033,7033,City of Lawrence - Lawrence Transit System,Lawrence,KS,318,"Lawrence, KS",23,"79,647",30,"90,000"
70035,7035,"Johnson County Kansas, aka: Johnson County Transit",Olathe,KS,31,"Kansas City, MO-KS",678,"1,519,417",140,"399,037"
70036,7036,Missouri State University,Springfield,MO,140,"Springfield, MO",114,"215,004",8,"18,732"
70041,7041,Ames Transit Agency dba CyRide,Ames,IA,445,"Ames, IA",23,"60,438",15,"58,100"
70043,7043,City of Jefferson,Jefferson City,MO,452,"Jefferson City, MO",40,"58,533",38,"43,186"
70044,7044,Parking & Transit Department,Lawrence,KS,332,"Lawrence, KS",30,"88,053",15,"87,643"
70045,7045,Johnson County SEATS,Iowa City,IA,290,"Iowa City, IA",46,"106,621",614,"130,882"
70047,7047,Unified Government Transit Department,Kansas City,KS,31,"Kansas City, MO-KS",678,"1,519,417",156,"155,085"
70048,7048,City of Lawrence,Lawrence,KS,332,"Lawrence, KS",30,"88,053",29,"92,084"
70049,7049,River Bend Transit,Davenport,IA,134,"Davenport, IA-IL",138,"280,051","2,172","539,775"
70271,,"Kansas City, City of Missouri",Kansas City,MO,31,"Kansas City, MO-KS",678,"1,519,417",,
80001,8001,Utah Transit Authority,Salt Lake City,UT,42,"Salt Lake City-West Valley City, UT",278,"1,021,243",737,"1,883,504"
80002,8002,Su Tran LLC dba: Sioux Area Metro,Sioux Falls,SD,212,"Sioux Falls, SD",64,"156,777",51,"130,390"
80003,8003,"City of Fargo, DBA:  Metropolitan Area Transit",Fargo,ND,194,"Fargo, ND-MN",70,"176,676",45,"134,149"
80004,8004,Billings Metropolitan Transit,Billings,MT,273,"Billings, MT",53,"114,773",34,"109,869"
80005,8005,Mountain Metropolitan Transit,Colorado Springs,CO,73,"Colorado Springs, CO",188,"559,409",257,"527,294"
80006,8006,Denver Regional Transportation District,Denver,CO,18,"Denver-Aurora, CO",668,"2,374,203","2,342","2,920,000"
80007,8007,Pueblo Transit System,Pueblo,CO,236,"Pueblo, CO",74,"136,550",39,"108,249"
80008,8008,Cities Area Transit,Grand Forks,ND,440,"Grand Forks, ND-MN",24,"61,270",26,"61,298"
80009,8009,Missoula Urban Transportation District,Missoula,MT,348,"Missoula, MT",45,"82,157",70,"72,087"
80010,8010,City of Greeley - Transit Services,Greeley,CO,264,"Greeley, CO",41,"117,825",33,"119,069"
80011,8011,Transfort,Fort Collins,CO,141,"Fort Collins, CO",110,"264,465",54,"143,986"
80012,8012,Great Falls Transit District,Great Falls,MT,422,"Great Falls, MT",31,"65,207",20,"64,010"
80013,8013,City of Casper,Casper,WY,424,"Casper, WY",30,"64,548",93,"57,561"
80014,8014,Rapid Transit System,Rapid City,SD,352,"Rapid City, SD",42,"81,251",42,"67,956"
80016,8016,Mesa County,Grand Junction,CO,251,"Grand Junction, CO",79,"128,124",66,"101,846"
80019,8019,Bis-Man Transit Board,Bismarck,ND,349,"Bismarck, ND",39,"81,955",137,"94,719"
80020,8020,The City of Cheyenne Transit Program,Cheyenne,WY,377,"Cheyenne, WY",35,"73,588",18,"59,466"
80021,8021,"City of Logan, dba: The Logan Transit District",Logan,UT,318,"Logan, UT",38,"76,187",33,"73,453"
80025,8025,City of Loveland Transit,Loveland,CO,141,"Fort Collins, CO",110,"264,465",26,"66,859"
80028,8028,Cache Valley Transit District,Logan,UT,311,"Logan, UT",44,"94,983",33,"95,500"
80106,8106,North Front Range Metropolitan Planning Organization,Fort Collins,CO,141,"Fort Collins, CO",110,"264,465",56,"143,986"
80107,8107,The University of Montana - ASUM Transportation,Missoula,MT,348,"Missoula, MT",45,"82,157",10,"40,948"
80108,8108,Denver Regional Council of Governments,Denver,CO,21,"Denver-Aurora, CO",499,"1,984,889",717,"2,803,394"
80109,8109,"vRide, Inc. - Denver",Denver,CO,18,"Denver-Aurora, CO",668,"2,374,203",668,"2,803,394"
90001,9001,Regional Transportation Commission of Washoe County,Reno,NV,94,"Reno, NV-CA",164,"392,141",136,"313,150"
90002,9002,City and County of Honolulu Department of Transportation Services,Honolulu,HI,54,"Urban Honolulu, HI",170,"802,459",277,"953,207"
90003,9003,San Francisco Bay Area Rapid Transit District,Oakland,CA,13,"San Francisco-Oakland, CA",524,"3,281,212",93,"833,762"
90004,9004,Golden Empire Transit District,Bakersfield,CA,79,"Bakersfield, CA",138,"523,994",111,"495,019"
90006,9006,Santa Cruz Metropolitan Transit District,Santa Cruz,CA,204,"Santa Cruz, CA",58,"163,703",446,"274,146"
90007,9007,Modesto Area Express,Modesto,CA,105,"Modesto, CA",92,"358,172",59,"253,607"
90008,9008,Santa Monica's Big Blue Bus,Santa Monica,CA,2,"Los Angeles-Long Beach-Anaheim, CA","1,736","12,150,996",59,"855,918"
90009,9009,San Mateo County Transit District,San Carlos,CA,13,"San Francisco-Oakland, CA",524,"3,281,212",97,"737,100"
90010,9010,Torrance Transit System,Torrance,CA,2,"Los Angeles-Long Beach-Anaheim, CA","1,736","12,150,996",103,"606,847"
90012,9012,San Joaquin Regional Transit District,Stockton,CA,102,"Stockton, CA",93,"370,583","1,426","729,753"
90013,9013,Santa Clara Valley Transportation Authority,San Jose,CA,29,"San Jose, CA",286,"1,664,496",346,"1,938,180"
90014,9014,Alameda-Contra Costa Transit District,Oakland,CA,13,"San Francisco-Oakland, CA",524,"3,281,212",364,"1,425,275"
90015,9015,San Francisco Municipal Railway,San Francisco,CA,13,"San Francisco-Oakland, CA",524,"3,281,212",49,"874,228"
90016,9016,"Golden Gate Bridge, Highway and Transportation District",San Francisco,CA,13,"San Francisco-Oakland, CA",524,"3,281,212",145,"887,386"
90017,9017,City of Santa Rosa,Santa Rosa,CA,123,"Santa Rosa, CA",98,"308,231",51,"174,972"
90019,9019,Sacramento Regional Transit District,Sacramento,CA,28,"Sacramento, CA",471,"1,723,634",226,"1,031,946"
90020,9020,Santa Barbara Metropolitan Transit District,Santa Barbara,CA,184,"Santa Barbara, CA",56,"195,861",52,"199,668"
90022,9022,Norwalk Transit System,Norwalk,CA,2,"Los Angeles-Long Beach-Anaheim, CA","1,736","12,150,996",37,"637,365"
90023,9023,Long Beach Transit,Long Beach,CA,2,"Los Angeles-Long Beach-Anaheim, CA","1,736","12,150,996",98,"796,609"
90024,9024,City of La Mirada Transit,La Mirada,CA,2,"Los Angeles-Long Beach-Anaheim, CA","1,736","12,150,996",8,"49,527"
90026,9026,San Diego Metropolitan Transit System,San Diego,CA,15,"San Diego, CA",732,"2,956,746",720,"2,462,707"
90027,9027,Fresno Area Express,Fresno,CA,63,"Fresno, CA",171,"654,628",133,"515,609"
90028,9028,City of Vallejo Transportation Program,Vallejo,CA,203,"Vallejo, CA",42,"165,074",48,"210,000"
90029,9029,Omnitrans,San Bernardino,CA,22,"Riverside-San Bernardino, CA",545,"1,932,666",466,"1,487,235"
90030,9030,North County Transit District,Oceanside,CA,15,"San Diego, CA",732,"2,956,746",403,"849,420"
90031,9031,Riverside Transit Agency,Riverside,CA,22,"Riverside-San Bernardino, CA",545,"1,932,666","2,725","2,018,724"
90032,9032,City of Phoenix Public Transit Department dba Valley Metro,Phoenix,AZ,12,"Phoenix-Mesa, AZ","1,147","3,629,114",462,"1,984,490"
90033,9033,City of Tucson,Tucson   ,AZ,52,"Tucson, AZ",353,"843,168",239,"636,499"
90034,9034,City of Glendale Transit,Glendale,AZ,12,"Phoenix-Mesa, AZ","1,147","3,629,114",59,"226,721"
90035,9035,Gold Coast Transit,Oxnard,CA,103,"Oxnard, CA",84,"367,260",84,"367,260"
90036,9036,Orange County Transportation Authority,Orange,CA,2,"Los Angeles-Long Beach-Anaheim, CA","1,736","12,150,996",435,"2,856,307"
90039,9039,Culver City Municipal Bus Lines,Culver City,CA,2,"Los Angeles-Long Beach-Anaheim, CA","1,736","12,150,996",33,"341,718"
90041,9041,Montebello Bus Lines,Montebello,CA,2,"Los Angeles-Long Beach-Anaheim, CA","1,736","12,150,996",151,"315,074"
90042,9042,City of Gardena Transportation Department,Gardena,CA,2,"Los Angeles-Long Beach-Anaheim, CA","1,736","12,150,996",40,"463,968"
90043,9043,City of Commerce Municipal Buslines,Commerce,CA,2,"Los Angeles-Long Beach-Anaheim, CA","1,736","12,150,996",11,"12,997"
90044,9044,City of Arcadia Transit,Arcadia,CA,2,"Los Angeles-Long Beach-Anaheim, CA","1,736","12,150,996",11,"56,364"
90045,9045,Regional Transportation Commission of Southern Nevada,Las Vegas,NV,23,"Las Vegas-Henderson, NV",417,"1,886,011",280,"2,008,655"
90050,9050,Simi Valley Transit,Simi Valley,CA,254,"Simi Valley, CA",31,"125,206",47,"126,788"
90052,9052,City of Corona,Corona,CA,22,"Riverside-San Bernardino, CA",545,"1,932,666",41,"166,785"
90054,9054,"San Diego Trolley, Inc.",San Diego,CA,15,"San Diego, CA",,,,
90061,9061,Yuba-Sutter Transit Authority,Marysville,CA,270,"Yuba City, CA",39,"116,719",813,"141,986"
90062,9062,Monterey-Salinas Transit,Monterey,CA,276,"Seaside-Monterey, CA",39,"114,237",294,"435,232"
90078,9078,Central Contra Costa Transit Authority,Concord,CA,66,"Concord, CA",204,"615,968",143,"540,067"
90079,9079,SunLine Transit Agency,Thousand Palms,CA,111,"Indio-Cathedral City, CA",144,"345,580","1,120","432,416"
90086,9086,City of Riverside Special Transportation,Riverside,CA,22,"Riverside-San Bernardino, CA",545,"1,932,666",82,"313,041"
90087,9087,Santa Maria Area Transit,Santa Maria,CA,246,"Santa Maria, CA",29,"130,447",34,"120,097"
90088,9088,Napa Valley Transportation Authority,Napa,CA,342,"Napa, CA",26,"83,913",45,"138,000"
90089,9089,Sonoma County Transit,Santa Rosa,CA,123,"Santa Rosa, CA",98,"308,231",395,"500,225"
90090,9090,Yolo County Transportation District,Woodland,CA,28,"Sacramento, CA",471,"1,723,634",109,"528,880"
90091,9091,City of Visalia - Visalia City Coach,Visalia,CA,162,"Visalia, CA",63,"219,454",40,"133,151"
90092,9092,City of Fairfield - Fairfield and Suisun Transit,Fairfield,CA,240,"Fairfield, CA",39,"133,683",129,"505,849"
90093,9093,Redding Area Bus Authority,Redding,CA,267,"Redding, CA",71,"117,731",100,"117,478"
90095,9095,San Diego Association of Governments,San Diego,CA,15,"San Diego, CA",732,"2,956,746","11,173","4,997,084"
90119,9119,Laguna Beach Municipal Transit,Laguna Beach,CA,69,"Mission Viejo-Lake Forest-San Clemente, CA",151,"583,681",9,"22,723"
90121,9121,Antelope Valley Transit Authority,Lancaster,CA,112,"Lancaster-Palmdale, CA",116,"341,219","1,200","349,050"
90127,9127,Chico Area Transit System City of Chico,Chico,CA,296,"Chico, CA",35,"89,221",33,"87,581"
90129,9129,City of Mesa,Mesa,AZ,13,"Phoenix-Mesa, AZ",799,"2,907,049",120,"425,000"
90131,9131,City of Scottsdale - Scottsdale Trolley,Scottsdale,AZ,12,"Phoenix-Mesa, AZ","1,147","3,629,114",48,"96,389"
90132,9132,Maricopa County Special Transportation Services,Phoenix,AZ,13,"Phoenix-Mesa, AZ",799,"2,907,049",416,"3,072,149"
90134,9134,Peninsula Corridor Joint Powers Board dba: Caltrain,San Carlos,CA,13,"San Francisco-Oakland, CA",524,"3,281,212",425,"3,690,367"
90135,9135,"Sun Cities Area Transit System, Inc.",Sun City,AZ,13,"Phoenix-Mesa, AZ",799,"2,907,049",28,"65,500"
90136,9136,"Regional Public Transportation Authority, dba: Valley Metro",Phoenix,AZ,12,"Phoenix-Mesa, AZ","1,147","3,629,114",495,"2,196,442"
90137,9137,Surprise Dial-A-Ride Transit System,Surprise,AZ,12,"Phoenix-Mesa, AZ","1,147","3,629,114",94,"125,000"
90140,9140,Peoria Transit,Peoria,AZ,12,"Phoenix-Mesa, AZ","1,147","3,629,114",175,"126,911"
90142,9142,Unitrans - City of Davis/ASUCD,Davis,CA,382,"Davis, CA",14,"72,794",13,"72,611"
90144,9144,Livermore / Amador Valley Transit Authority,Livermore,CA,66,"Concord, CA",204,"615,968",40,"225,250"
90146,9146,Foothill Transit,West Covina,CA,2,"Los Angeles-Long Beach-Anaheim, CA","1,736","12,150,996",327,"1,515,836"
90147,9147,City of Los Angeles Department of Transportation,Los Angeles,CA,2,"Los Angeles-Long Beach-Anaheim, CA","1,736","12,150,996",465,"4,849,476"
90148,9148,Victor Valley Transit Authority,Hesperia,CA,114,"Victorville-Hesperia, CA",167,"328,454",950,"429,481"
90149,9149,City of Lompoc - Lompoc Transit,Lompoc,CA,485,"Lompoc, CA",11,"51,509",40,"55,666"
90150,9150,City of Alameda Ferry Services,Alameda,CA,12,"San Francisco-Oakland, CA",527,"3,228,605",22,"72,500"
90151,9151,Southern California Regional Rail Authority dba: Metrolink,Los Angeles,CA,2,"Los Angeles-Long Beach-Anaheim, CA","1,736","12,150,996","2,291","8,341,002"
90154,9154,Los Angeles County Metropolitan Transportation Authority dba: Metro,Los Angeles,CA,2,"Los Angeles-Long Beach-Anaheim, CA","1,736","12,150,996","1,419","8,360,358"
90155,9155,City of Vacaville,Vacaville,CA,314,"Vacaville, CA",27,"93,141",27,"93,141"
90156,9156,City of San Luis Obispo,San Luis Obispo,CA,447,"San Luis Obispo, CA",20,"59,219",22,"52,576"
90157,9157,Access Services,El Monte,CA,2,"Los Angeles-Long Beach-Anaheim, CA","1,736","12,150,996","1,621","11,638,106"
90159,9159,Western Contra Costa Transit Authority,Pinole,CA,13,"San Francisco-Oakland, CA",524,"3,281,212",20,"64,925"
90161,9161,City of Union City Transit Division,Union City,CA,13,"San Francisco-Oakland, CA",524,"3,281,212",18,"73,452"
90162,9162,The Eastern Contra Costa Transit Authority,Antioch,CA,137,"Antioch, CA",81,"277,634",225,"306,000"
90164,9164,Ventura Intercity Service Transit Authority,Ventura,CA,103,"Oxnard, CA",84,"367,260",28,"199,943"
90165,9165,Thousand Oaks Transit,Thousand Oaks,CA,168,"Thousand Oaks, CA",86,"214,811",138,"419,630"
90166,9166,LACMTA - Small Operators,Los Angeles,CA,2,"Los Angeles-Long Beach-Anaheim, CA","1,736","12,150,996",565,"3,555,163"
90168,9168,Roseville Transit,Roseville,CA,28,"Sacramento, CA",471,"1,723,634",43,"135,888"
90169,9169,"vRide, Inc. - Valley Metro",Phoenix,AZ,12,"Phoenix-Mesa, AZ","1,147","3,629,114",741,"2,700,000"
90170,9170,ATC / Vancom,San Francisco,CA,12,"San Francisco-Oakland, CA",,,,
90171,9171,Santa Clarita Transit,Santa Clarita,CA,146,"Santa Clarita, CA",77,"258,653",78,"252,271"
90172,9172,City of Tempe Transit Division - dba Valley Metro,Tempe,AZ,12,"Phoenix-Mesa, AZ","1,147","3,629,114",40,"161,719"
90173,9173,Transit Joint Powers Authority for Merced County,Merced,CA,235,"Merced, CA",48,"136,969",310,"136,957"
90174,9174,City of Benicia,Benicia,CA,203,"Vallejo, CA",42,"165,074",14,"27,916"
90175,9175,City of Lodi - Transit Division,Lodi,CA,403,"Lodi, CA",16,"68,738",16,"64,058"
90176,9176,"Honolulu - VPSI, Inc.",Honolulu,HI,54,"Urban Honolulu, HI",170,"802,459",139,"632,603"
90178,9178,Laidlaw Transit Services,El Monte,CA,2,"Los Angeles, CA","1,966","11,402,946",293,"1,344,166"
90179,9179,Ryder/ATE,West Covina,CA,2,"Los Angeles, CA","1,966","11,402,946",293,"1,344,166"
90180,9180,Coconino County Transportation Services,Flagstaff,AZ,403,"Flagstaff, AZ",,,,
90182,9182,Altamont Corridor Express,Stockton,CA,102,"Stockton, CA",93,"370,583",28,"4,094,704"
90185,9185,MTS Contract Services,San Diego,CA,15,"San Diego, CA",,,,
90186,9186,San Francisco Paratransit,San Francisco,CA,12,"San Francisco-Oakland, CA",527,"3,228,605",47,"744,041"
90188,9188,County of San Diego Transit System,San Diego,CA,15,"San Diego, CA",782,"2,674,436",570,"2,041,128"
90189,9189,National City Transit,National City,CA,15,"San Diego, CA",782,"2,674,436",16,"131,703"
90192,9192,Yuma Metropolitan Planning Organization,Yuma,AZ,238,"Yuma, AZ-CA",59,"135,267",78,"195,751"
90193,9193,Chula Vista Transit,Chula Vista,CA,15,"San Diego, CA",732,"2,956,746",41,"243,916"
90196,9196,Placer County Department of Public Works and Facilities,Auburn,CA,28,"Sacramento, CA",471,"1,723,634",471,"357,463"
90198,9198,City of Porterville,Porterville,CA,394,"Porterville, CA",21,"70,272",49,"75,691"
90200,9200,Kings County Area Public Transit Agency,Hanford,CA,333,"Hanford, CA",28,"87,941",13,"70,267"
90201,9201,City of Turlock,Turlock,CA,300,"Turlock, CA",26,"99,904",22,"87,867"
90205,9205,City of Elk Grove,Elk Grove,CA,28,"Sacramento, CA",471,"1,723,634",42,"171,059"
90206,9206,San Luis Obispo Regional Transit Authority,San Luis Obispo,CA,447,"San Luis Obispo, CA",20,"59,219",130,"206,008"
90208,9208,Butte County Association of Governments,Chico,CA,306,"Chico, CA",34,"98,176",202,"185,545"
90209,9209,"Valley Metro Rail, Inc.",Phoenix,AZ,12,"Phoenix-Mesa, AZ","1,147","3,629,114",40,"306,719"
90211,9211,Anaheim Transportation Network,Anaheim,CA,2,"Los Angeles-Long Beach-Anaheim, CA","1,736","12,150,996",50,"358,000"
90212,9212,Imperial Valley Transit,El Centro,CA,440,"El Centro, CA",17,"52,954","4,598","166,874"
90213,9213,City of Petaluma,Petaluma,CA,428,"Petaluma, CA",21,"64,078",12,"60,438"
90214,9214,City of Redondo Beach - Beach Cities Transit,Redondo Beach,CA,2,"Los Angeles-Long Beach-Anaheim, CA","1,736","12,150,996",13,"67,233"
90216,9R02-109,County of Sacramento Municipal Services Agency Department of Transportation,Sacramento,CA,0,Non-UZA,,0,53,"25,000"
90219,9219,Northern Arizona Intergovernmental Public Transportation Authority,Flagstaff,AZ,384,"Flagstaff, AZ",35,"71,957",29,"65,760"
90220,9220,City of Folsom,Folsom,CA,28,"Sacramento, CA",471,"1,723,634",24,"77,271"
90222,9222,Pima Association of Governments,Tucson,AZ,52,"Tucson, AZ",353,"843,168","9,189","843,746"
90223,9223,"Paratransit, Inc.",Sacramento,CA,28,"Sacramento, CA",471,"1,723,634",231,"1,035,779"
90224,9224,"Paratransit, Inc. CTSA",Sacramento,CA,28,"Sacramento, CA",,,,
90225,9225,San Francisco Bay Area Water Emergency Transportation Authority,San Francisco,CA,13,"San Francisco-Oakland, CA",524,"3,281,212",127,"281,832"
90226,9226,Imperial County Transportation Commission,El Centro,CA,289,"El Centro-Calexico, CA",30,"107,672",425,"174,610"
90228,9228,"vRide, Inc. - Tucson",Tucson,AZ,52,"Tucson, AZ",353,"843,168",353,"843,168"
90229,9229,El Dorado County Transit Authority,Diamond Springs,CA,28,"Sacramento, CA",471,"1,723,634","1,551","162,943"
90230,9230,California Vanpool Authority,Hanford,CA,333,"Hanford, CA",28,"87,941","1,636","5,893,986"
90232,9232,Solano County Transit,Vallejo,CA,203,"Vallejo, CA",42,"165,074",57,"234,127"
90233,9233,Yuma County Intergovernmental Public Transportation Authority,Yuma,AZ,238,"Yuma, AZ-CA",59,"135,267",78,"195,751"
90234,9234,Marin County Transit District,San Rafael,CA,13,"San Francisco-Oakland, CA",524,"3,281,212",520,"258,365"
90238,9238,City of Delano,Delano,CA,471,"Delano, CA",10,"54,372",50,"53,041"
90241,9241,County of Maui - Dept. of Transportation,Wailuku,HI,463,"Kahului, HI",17,"55,934",727,"78,110"
90242,9242,Las Vegas Monorail Company,Las Vegas,NV,23,"Las Vegas-Henderson, NV",417,"1,886,011",280,"1,785,303"
90244,9244,City of Tulare,Tulare,CA,162,"Visalia, CA",63,"219,454",21,"63,515"
90296,9296,Claremont Dial-a-Ride,La Verne,CA,2,"Los Angeles-Long Beach-Anaheim, CA","1,736","12,150,996",13,"36,700"
90299,,Sonoma-Marin Area Rail Transit District,Petaluma,CA,13,"San Francisco-Oakland, CA",524,"3,281,212",,
91092,9R02-137,Tahoe Transportation District,Zephyr Cove,NV,601,"Lake Tahoe, CA-NV",37,"210,000",73,"83,925"
99423,,City of Glendale,Glendale,CA,2,"Los Angeles-Long Beach-Anaheim, CA","1,736","12,150,996",39,"214,813"
99425,,Pomona Valley Transportation Authority,La Verne,CA,2,"Los Angeles-Long Beach-Anaheim, CA","1,736","12,150,996",61,"252,880"
